Sep 30 08:00:00 host1 kernel[1000]: INFO Accepted publickey for deploy from 10.0.0.1
Sep 30 08:00:03 host1 sshd[1001]: WARN Started session 2 of user app
Sep 30 08:00:06 host1 systemd[1002]: ERROR Connection reset by peer
Sep 30 08:00:09 host1 nginx[1003]: DEBUG Reloading configuration
Sep 30 08:00:12 host1 cron[1004]: INFO Health check ok latency=5ms
Sep 30 08:00:15 host1 NetworkManager[1005]: WARN Disk usage on /var at 6%
Sep 30 08:00:18 host1 kernel[1006]: ERROR Accepted publickey for deploy from 10.0.0.7
Sep 30 08:00:21 host1 sshd[1007]: DEBUG Started session 8 of user app
Sep 30 08:00:24 host1 systemd[1008]: INFO Connection reset by peer
Sep 30 08:00:27 host1 nginx[1009]: WARN Reloading configuration
Sep 30 08:00:30 host1 cron[1010]: ERROR Health check ok latency=11ms
Sep 30 08:00:33 host1 NetworkManager[1011]: DEBUG Disk usage on /var at 12%
Sep 30 08:00:36 host1 kernel[1012]: INFO Accepted publickey for deploy from 10.0.0.13
Sep 30 08:00:39 host1 sshd[1013]: WARN Started session 14 of user app
Sep 30 08:00:42 host1 systemd[1014]: ERROR Connection reset by peer
Sep 30 08:00:45 host1 nginx[1015]: DEBUG Reloading configuration
Sep 30 08:00:48 host1 cron[1016]: INFO Health check ok latency=17ms
Sep 30 08:00:51 host1 NetworkManager[1017]: WARN Disk usage on /var at 18%
Sep 30 08:00:54 host1 kernel[1018]: ERROR Accepted publickey for deploy from 10.0.0.19
Sep 30 08:00:57 host1 sshd[1019]: DEBUG Started session 20 of user app
Sep 30 08:01:00 host1 systemd[1020]: INFO Connection reset by peer
Sep 30 08:01:03 host1 nginx[1021]: WARN Reloading configuration
Sep 30 08:01:06 host1 cron[1022]: ERROR Health check ok latency=23ms
Sep 30 08:01:09 host1 NetworkManager[1023]: DEBUG Disk usage on /var at 24%
Sep 30 08:01:12 host1 kernel[1024]: INFO Accepted publickey for deploy from 10.0.0.25
Sep 30 08:01:15 host1 sshd[1025]: WARN Started session 26 of user app
Sep 30 08:01:18 host1 systemd[1026]: ERROR Connection reset by peer
Sep 30 08:01:21 host1 nginx[1027]: DEBUG Reloading configuration
Sep 30 08:01:24 host1 cron[1028]: INFO Health check ok latency=29ms
Sep 30 08:01:27 host1 NetworkManager[1029]: WARN Disk usage on /var at 30%
Sep 30 08:01:30 host1 kernel[1030]: ERROR Accepted publickey for deploy from 10.0.0.31
Sep 30 08:01:33 host1 sshd[1031]: DEBUG Started session 32 of user app
Sep 30 08:01:36 host1 systemd[1032]: INFO Connection reset by peer
Sep 30 08:01:39 host1 nginx[1033]: WARN Reloading configuration
Sep 30 08:01:42 host1 cron[1034]: ERROR Health check ok latency=35ms
Sep 30 08:01:45 host1 NetworkManager[1035]: DEBUG Disk usage on /var at 36%
Sep 30 08:01:48 host1 kernel[1036]: INFO Accepted publickey for deploy from 10.0.0.37
Sep 30 08:01:51 host1 sshd[1037]: WARN Started session 38 of user app
Sep 30 08:01:54 host1 systemd[1038]: ERROR Connection reset by peer
Sep 30 08:01:57 host1 nginx[1039]: DEBUG Reloading configuration
Sep 30 08:02:00 host1 cron[1040]: INFO Health check ok latency=41ms
Sep 30 08:02:03 host1 NetworkManager[1041]: WARN Disk usage on /var at 42%
Sep 30 08:02:06 host1 kernel[1042]: ERROR Accepted publickey for deploy from 10.0.0.43
Sep 30 08:02:09 host1 sshd[1043]: DEBUG Started session 44 of user app
Sep 30 08:02:12 host1 systemd[1044]: INFO Connection reset by peer
Sep 30 08:02:15 host1 nginx[1045]: WARN Reloading configuration
Sep 30 08:02:18 host1 cron[1046]: ERROR Health check ok latency=47ms
Sep 30 08:02:21 host1 NetworkManager[1047]: DEBUG Disk usage on /var at 48%
Sep 30 08:02:24 host1 kernel[1048]: INFO Accepted publickey for deploy from 10.0.0.49
Sep 30 08:02:27 host1 sshd[1049]: WARN Started session 50 of user app
Sep 30 08:02:30 host1 systemd[1000]: ERROR Connection reset by peer
Sep 30 08:02:33 host1 nginx[1001]: DEBUG Reloading configuration
Sep 30 08:02:36 host1 cron[1002]: INFO Health check ok latency=53ms
Sep 30 08:02:39 host1 NetworkManager[1003]: WARN Disk usage on /var at 54%
Sep 30 08:02:42 host1 kernel[1004]: ERROR Accepted publickey for deploy from 10.0.0.55
Sep 30 08:02:45 host1 sshd[1005]: DEBUG Started session 56 of user app
Sep 30 08:02:48 host1 systemd[1006]: INFO Connection reset by peer
Sep 30 08:02:51 host1 nginx[1007]: WARN Reloading configuration
Sep 30 08:02:54 host1 cron[1008]: ERROR Health check ok latency=59ms
Sep 30 08:02:57 host1 NetworkManager[1009]: DEBUG Disk usage on /var at 60%
Sep 30 08:03:00 host1 kernel[1010]: INFO Accepted publickey for deploy from 10.0.0.61
Sep 30 08:03:03 host1 sshd[1011]: WARN Started session 62 of user app
Sep 30 08:03:06 host1 systemd[1012]: ERROR Connection reset by peer
Sep 30 08:03:09 host1 nginx[1013]: DEBUG Reloading configuration
Sep 30 08:03:12 host1 cron[1014]: INFO Health check ok latency=65ms
Sep 30 08:03:15 host1 NetworkManager[1015]: WARN Disk usage on /var at 66%
Sep 30 08:03:18 host1 kernel[1016]: ERROR Accepted publickey for deploy from 10.0.0.67
Sep 30 08:03:21 host1 sshd[1017]: DEBUG Started session 68 of user app
Sep 30 08:03:24 host1 systemd[1018]: INFO Connection reset by peer
Sep 30 08:03:27 host1 nginx[1019]: WARN Reloading configuration
Sep 30 08:03:30 host1 cron[1020]: ERROR Health check ok latency=71ms
Sep 30 08:03:33 host1 NetworkManager[1021]: DEBUG Disk usage on /var at 72%
Sep 30 08:03:36 host1 kernel[1022]: INFO Accepted publickey for deploy from 10.0.0.73
Sep 30 08:03:39 host1 sshd[1023]: WARN Started session 74 of user app
Sep 30 08:03:42 host1 systemd[1024]: ERROR Connection reset by peer
Sep 30 08:03:45 host1 nginx[1025]: DEBUG Reloading configuration
Sep 30 08:03:48 host1 cron[1026]: INFO Health check ok latency=77ms
Sep 30 08:03:51 host1 NetworkManager[1027]: WARN Disk usage on /var at 78%
Sep 30 08:03:54 host1 kernel[1028]: ERROR Accepted publickey for deploy from 10.0.0.79
Sep 30 08:03:57 host1 sshd[1029]: DEBUG Started session 80 of user app
Sep 30 08:04:00 host1 systemd[1030]: INFO Connection reset by peer
Sep 30 08:04:03 host1 nginx[1031]: WARN Reloading configuration
Sep 30 08:04:06 host1 cron[1032]: ERROR Health check ok latency=83ms
Sep 30 08:04:09 host1 NetworkManager[1033]: DEBUG Disk usage on /var at 84%
Sep 30 08:04:12 host1 kernel[1034]: INFO Accepted publickey for deploy from 10.0.0.85
Sep 30 08:04:15 host1 sshd[1035]: WARN Started session 86 of user app
Sep 30 08:04:18 host1 systemd[1036]: ERROR Connection reset by peer
Sep 30 08:04:21 host1 nginx[1037]: DEBUG Reloading configuration
Sep 30 08:04:24 host1 cron[1038]: INFO Health check ok latency=89ms
Sep 30 08:04:27 host1 NetworkManager[1039]: WARN Disk usage on /var at 90%
Sep 30 08:04:30 host1 kernel[1040]: ERROR Accepted publickey for deploy from 10.0.0.91
Sep 30 08:04:33 host1 sshd[1041]: DEBUG Started session 92 of user app
Sep 30 08:04:36 host1 systemd[1042]: INFO Connection reset by peer
Sep 30 08:04:39 host1 nginx[1043]: WARN Reloading configuration
Sep 30 08:04:42 host1 cron[1044]: ERROR Health check ok latency=95ms
Sep 30 08:04:45 host1 NetworkManager[1045]: DEBUG Disk usage on /var at 96%
Sep 30 08:04:48 host1 kernel[1046]: INFO Accepted publickey for deploy from 10.0.0.97
Sep 30 08:04:51 host1 sshd[1047]: WARN Started session 98 of user app
Sep 30 08:04:54 host1 systemd[1048]: ERROR Connection reset by peer
Sep 30 08:04:57 host1 nginx[1049]: DEBUG Reloading configuration
Sep 30 08:05:00 host1 cron[1000]: INFO Health check ok latency=101ms
Sep 30 08:05:03 host1 NetworkManager[1001]: WARN Disk usage on /var at 102%
Sep 30 08:05:06 host1 kernel[1002]: ERROR Accepted publickey for deploy from 10.0.0.103
Sep 30 08:05:09 host1 sshd[1003]: DEBUG Started session 104 of user app
Sep 30 08:05:12 host1 systemd[1004]: INFO Connection reset by peer
Sep 30 08:05:15 host1 nginx[1005]: WARN Reloading configuration
Sep 30 08:05:18 host1 cron[1006]: ERROR Health check ok latency=107ms
Sep 30 08:05:21 host1 NetworkManager[1007]: DEBUG Disk usage on /var at 108%
Sep 30 08:05:24 host1 kernel[1008]: INFO Accepted publickey for deploy from 10.0.0.109
Sep 30 08:05:27 host1 sshd[1009]: WARN Started session 110 of user app
Sep 30 08:05:30 host1 systemd[1010]: ERROR Connection reset by peer
Sep 30 08:05:33 host1 nginx[1011]: DEBUG Reloading configuration
Sep 30 08:05:36 host1 cron[1012]: INFO Health check ok latency=113ms
Sep 30 08:05:39 host1 NetworkManager[1013]: WARN Disk usage on /var at 114%
Sep 30 08:05:42 host1 kernel[1014]: ERROR Accepted publickey for deploy from 10.0.0.115
Sep 30 08:05:45 host1 sshd[1015]: DEBUG Started session 116 of user app
Sep 30 08:05:48 host1 systemd[1016]: INFO Connection reset by peer
Sep 30 08:05:51 host1 nginx[1017]: WARN Reloading configuration
Sep 30 08:05:54 host1 cron[1018]: ERROR Health check ok latency=119ms
Sep 30 08:05:57 host1 NetworkManager[1019]: DEBUG Disk usage on /var at 120%
Sep 30 08:06:00 host1 kernel[1020]: INFO Accepted publickey for deploy from 10.0.0.121
Sep 30 08:06:03 host1 sshd[1021]: WARN Started session 122 of user app
Sep 30 08:06:06 host1 systemd[1022]: ERROR Connection reset by peer
Sep 30 08:06:09 host1 nginx[1023]: DEBUG Reloading configuration
Sep 30 08:06:12 host1 cron[1024]: INFO Health check ok latency=125ms
Sep 30 08:06:15 host1 NetworkManager[1025]: WARN Disk usage on /var at 126%
Sep 30 08:06:18 host1 kernel[1026]: ERROR Accepted publickey for deploy from 10.0.0.127
Sep 30 08:06:21 host1 sshd[1027]: DEBUG Started session 128 of user app
Sep 30 08:06:24 host1 systemd[1028]: INFO Connection reset by peer
Sep 30 08:06:27 host1 nginx[1029]: WARN Reloading configuration
Sep 30 08:06:30 host1 cron[1030]: ERROR Health check ok latency=131ms
Sep 30 08:06:33 host1 NetworkManager[1031]: DEBUG Disk usage on /var at 132%
Sep 30 08:06:36 host1 kernel[1032]: INFO Accepted publickey for deploy from 10.0.0.133
Sep 30 08:06:39 host1 sshd[1033]: WARN Started session 134 of user app
Sep 30 08:06:42 host1 systemd[1034]: ERROR Connection reset by peer
Sep 30 08:06:45 host1 nginx[1035]: DEBUG Reloading configuration
Sep 30 08:06:48 host1 cron[1036]: INFO Health check ok latency=137ms
Sep 30 08:06:51 host1 NetworkManager[1037]: WARN Disk usage on /var at 138%
Sep 30 08:06:54 host1 kernel[1038]: ERROR Accepted publickey for deploy from 10.0.0.139
Sep 30 08:06:57 host1 sshd[1039]: DEBUG Started session 140 of user app
Sep 30 08:07:00 host1 systemd[1040]: INFO Connection reset by peer
Sep 30 08:07:03 host1 nginx[1041]: WARN Reloading configuration
Sep 30 08:07:06 host1 cron[1042]: ERROR Health check ok latency=143ms
Sep 30 08:07:09 host1 NetworkManager[1043]: DEBUG Disk usage on /var at 144%
Sep 30 08:07:12 host1 kernel[1044]: INFO Accepted publickey for deploy from 10.0.0.145
Sep 30 08:07:15 host1 sshd[1045]: WARN Started session 146 of user app
Sep 30 08:07:18 host1 systemd[1046]: ERROR Connection reset by peer
Sep 30 08:07:21 host1 nginx[1047]: DEBUG Reloading configuration
Sep 30 08:07:24 host1 cron[1048]: INFO Health check ok latency=149ms
Sep 30 08:07:27 host1 NetworkManager[1049]: WARN Disk usage on /var at 150%
Sep 30 08:07:30 host1 kernel[1000]: ERROR Accepted publickey for deploy from 10.0.0.151
Sep 30 08:07:33 host1 sshd[1001]: DEBUG Started session 152 of user app
Sep 30 08:07:36 host1 systemd[1002]: INFO Connection reset by peer
Sep 30 08:07:39 host1 nginx[1003]: WARN Reloading configuration
Sep 30 08:07:42 host1 cron[1004]: ERROR Health check ok latency=155ms
Sep 30 08:07:45 host1 NetworkManager[1005]: DEBUG Disk usage on /var at 156%
Sep 30 08:07:48 host1 kernel[1006]: INFO Accepted publickey for deploy from 10.0.0.157
Sep 30 08:07:51 host1 sshd[1007]: WARN Started session 158 of user app
Sep 30 08:07:54 host1 systemd[1008]: ERROR Connection reset by peer
Sep 30 08:07:57 host1 nginx[1009]: DEBUG Reloading configuration
Sep 30 08:08:00 host1 cron[1010]: INFO Health check ok latency=161ms
Sep 30 08:08:03 host1 NetworkManager[1011]: WARN Disk usage on /var at 162%
Sep 30 08:08:06 host1 kernel[1012]: ERROR Accepted publickey for deploy from 10.0.0.163
Sep 30 08:08:09 host1 sshd[1013]: DEBUG Started session 164 of user app
Sep 30 08:08:12 host1 systemd[1014]: INFO Connection reset by peer
Sep 30 08:08:15 host1 nginx[1015]: WARN Reloading configuration
Sep 30 08:08:18 host1 cron[1016]: ERROR Health check ok latency=167ms
Sep 30 08:08:21 host1 NetworkManager[1017]: DEBUG Disk usage on /var at 168%
Sep 30 08:08:24 host1 kernel[1018]: INFO Accepted publickey for deploy from 10.0.0.169
Sep 30 08:08:27 host1 sshd[1019]: WARN Started session 170 of user app
Sep 30 08:08:30 host1 systemd[1020]: ERROR Connection reset by peer
Sep 30 08:08:33 host1 nginx[1021]: DEBUG Reloading configuration
Sep 30 08:08:36 host1 cron[1022]: INFO Health check ok latency=173ms
Sep 30 08:08:39 host1 NetworkManager[1023]: WARN Disk usage on /var at 174%
Sep 30 08:08:42 host1 kernel[1024]: ERROR Accepted publickey for deploy from 10.0.0.175
Sep 30 08:08:45 host1 sshd[1025]: DEBUG Started session 176 of user app
Sep 30 08:08:48 host1 systemd[1026]: INFO Connection reset by peer
Sep 30 08:08:51 host1 nginx[1027]: WARN Reloading configuration
Sep 30 08:08:54 host1 cron[1028]: ERROR Health check ok latency=179ms
Sep 30 08:08:57 host1 NetworkManager[1029]: DEBUG Disk usage on /var at 180%
Sep 30 08:09:00 host1 kernel[1030]: INFO Accepted publickey for deploy from 10.0.0.181
Sep 30 08:09:03 host1 sshd[1031]: WARN Started session 182 of user app
Sep 30 08:09:06 host1 systemd[1032]: ERROR Connection reset by peer
Sep 30 08:09:09 host1 nginx[1033]: DEBUG Reloading configuration
Sep 30 08:09:12 host1 cron[1034]: INFO Health check ok latency=185ms
Sep 30 08:09:15 host1 NetworkManager[1035]: WARN Disk usage on /var at 186%
Sep 30 08:09:18 host1 kernel[1036]: ERROR Accepted publickey for deploy from 10.0.0.187
Sep 30 08:09:21 host1 sshd[1037]: DEBUG Started session 188 of user app
Sep 30 08:09:24 host1 systemd[1038]: INFO Connection reset by peer
Sep 30 08:09:27 host1 nginx[1039]: WARN Reloading configuration
Sep 30 08:09:30 host1 cron[1040]: ERROR Health check ok latency=191ms
Sep 30 08:09:33 host1 NetworkManager[1041]: DEBUG Disk usage on /var at 192%
Sep 30 08:09:36 host1 kernel[1042]: INFO Accepted publickey for deploy from 10.0.0.193
Sep 30 08:09:39 host1 sshd[1043]: WARN Started session 194 of user app
Sep 30 08:09:42 host1 systemd[1044]: ERROR Connection reset by peer
Sep 30 08:09:45 host1 nginx[1045]: DEBUG Reloading configuration
Sep 30 08:09:48 host1 cron[1046]: INFO Health check ok latency=197ms
Sep 30 08:09:51 host1 NetworkManager[1047]: WARN Disk usage on /var at 198%
Sep 30 08:09:54 host1 kernel[1048]: ERROR Accepted publickey for deploy from 10.0.0.199
Sep 30 08:09:57 host1 sshd[1049]: DEBUG Started session 200 of user app
Sep 30 08:10:00 host1 systemd[1000]: INFO Connection reset by peer
Sep 30 08:10:03 host1 nginx[1001]: WARN Reloading configuration
Sep 30 08:10:06 host1 cron[1002]: ERROR Health check ok latency=3ms
Sep 30 08:10:09 host1 NetworkManager[1003]: DEBUG Disk usage on /var at 4%
Sep 30 08:10:12 host1 kernel[1004]: INFO Accepted publickey for deploy from 10.0.0.5
Sep 30 08:10:15 host1 sshd[1005]: WARN Started session 6 of user app
Sep 30 08:10:18 host1 systemd[1006]: ERROR Connection reset by peer
Sep 30 08:10:21 host1 nginx[1007]: DEBUG Reloading configuration
Sep 30 08:10:24 host1 cron[1008]: INFO Health check ok latency=9ms
Sep 30 08:10:27 host1 NetworkManager[1009]: WARN Disk usage on /var at 10%
Sep 30 08:10:30 host1 kernel[1010]: ERROR Accepted publickey for deploy from 10.0.0.11
Sep 30 08:10:33 host1 sshd[1011]: DEBUG Started session 12 of user app
Sep 30 08:10:36 host1 systemd[1012]: INFO Connection reset by peer
Sep 30 08:10:39 host1 nginx[1013]: WARN Reloading configuration
Sep 30 08:10:42 host1 cron[1014]: ERROR Health check ok latency=15ms
Sep 30 08:10:45 host1 NetworkManager[1015]: DEBUG Disk usage on /var at 16%
Sep 30 08:10:48 host1 kernel[1016]: INFO Accepted publickey for deploy from 10.0.0.17
Sep 30 08:10:51 host1 sshd[1017]: WARN Started session 18 of user app
Sep 30 08:10:54 host1 systemd[1018]: ERROR Connection reset by peer
Sep 30 08:10:57 host1 nginx[1019]: DEBUG Reloading configuration
Sep 30 08:11:00 host1 cron[1020]: INFO Health check ok latency=21ms
Sep 30 08:11:03 host1 NetworkManager[1021]: WARN Disk usage on /var at 22%
Sep 30 08:11:06 host1 kernel[1022]: ERROR Accepted publickey for deploy from 10.0.0.23
Sep 30 08:11:09 host1 sshd[1023]: DEBUG Started session 24 of user app
Sep 30 08:11:12 host1 systemd[1024]: INFO Connection reset by peer
Sep 30 08:11:15 host1 nginx[1025]: WARN Reloading configuration
Sep 30 08:11:18 host1 cron[1026]: ERROR Health check ok latency=27ms
Sep 30 08:11:21 host1 NetworkManager[1027]: DEBUG Disk usage on /var at 28%
Sep 30 08:11:24 host1 kernel[1028]: INFO Accepted publickey for deploy from 10.0.0.29
Sep 30 08:11:27 host1 sshd[1029]: WARN Started session 30 of user app
Sep 30 08:11:30 host1 systemd[1030]: ERROR Connection reset by peer
Sep 30 08:11:33 host1 nginx[1031]: DEBUG Reloading configuration
Sep 30 08:11:36 host1 cron[1032]: INFO Health check ok latency=33ms
Sep 30 08:11:39 host1 NetworkManager[1033]: WARN Disk usage on /var at 34%
Sep 30 08:11:42 host1 kernel[1034]: ERROR Accepted publickey for deploy from 10.0.0.35
Sep 30 08:11:45 host1 sshd[1035]: DEBUG Started session 36 of user app
Sep 30 08:11:48 host1 systemd[1036]: INFO Connection reset by peer
Sep 30 08:11:51 host1 nginx[1037]: WARN Reloading configuration
Sep 30 08:11:54 host1 cron[1038]: ERROR Health check ok latency=39ms
Sep 30 08:11:57 host1 NetworkManager[1039]: DEBUG Disk usage on /var at 40%
Sep 30 08:12:00 host1 kernel[1040]: INFO Accepted publickey for deploy from 10.0.0.41
Sep 30 08:12:03 host1 sshd[1041]: WARN Started session 42 of user app
Sep 30 08:12:06 host1 systemd[1042]: ERROR Connection reset by peer
Sep 30 08:12:09 host1 nginx[1043]: DEBUG Reloading configuration
Sep 30 08:12:12 host1 cron[1044]: INFO Health check ok latency=45ms
Sep 30 08:12:15 host1 NetworkManager[1045]: WARN Disk usage on /var at 46%
Sep 30 08:12:18 host1 kernel[1046]: ERROR Accepted publickey for deploy from 10.0.0.47
Sep 30 08:12:21 host1 sshd[1047]: DEBUG Started session 48 of user app
Sep 30 08:12:24 host1 systemd[1048]: INFO Connection reset by peer
Sep 30 08:12:27 host1 nginx[1049]: WARN Reloading configuration
Sep 30 08:12:30 host1 cron[1000]: ERROR Health check ok latency=51ms
Sep 30 08:12:33 host1 NetworkManager[1001]: DEBUG Disk usage on /var at 52%
Sep 30 08:12:36 host1 kernel[1002]: INFO Accepted publickey for deploy from 10.0.0.53
Sep 30 08:12:39 host1 sshd[1003]: WARN Started session 54 of user app
Sep 30 08:12:42 host1 systemd[1004]: ERROR Connection reset by peer
Sep 30 08:12:45 host1 nginx[1005]: DEBUG Reloading configuration
Sep 30 08:12:48 host1 cron[1006]: INFO Health check ok latency=57ms
Sep 30 08:12:51 host1 NetworkManager[1007]: WARN Disk usage on /var at 58%
Sep 30 08:12:54 host1 kernel[1008]: ERROR Accepted publickey for deploy from 10.0.0.59
Sep 30 08:12:57 host1 sshd[1009]: DEBUG Started session 60 of user app
Sep 30 08:13:00 host1 systemd[1010]: INFO Connection reset by peer
Sep 30 08:13:03 host1 nginx[1011]: WARN Reloading configuration
Sep 30 08:13:06 host1 cron[1012]: ERROR Health check ok latency=63ms
Sep 30 08:13:09 host1 NetworkManager[1013]: DEBUG Disk usage on /var at 64%
Sep 30 08:13:12 host1 kernel[1014]: INFO Accepted publickey for deploy from 10.0.0.65
Sep 30 08:13:15 host1 sshd[1015]: WARN Started session 66 of user app
Sep 30 08:13:18 host1 systemd[1016]: ERROR Connection reset by peer
Sep 30 08:13:21 host1 nginx[1017]: DEBUG Reloading configuration
Sep 30 08:13:24 host1 cron[1018]: INFO Health check ok latency=69ms
Sep 30 08:13:27 host1 NetworkManager[1019]: WARN Disk usage on /var at 70%
Sep 30 08:13:30 host1 kernel[1020]: ERROR Accepted publickey for deploy from 10.0.0.71
Sep 30 08:13:33 host1 sshd[1021]: DEBUG Started session 72 of user app
Sep 30 08:13:36 host1 systemd[1022]: INFO Connection reset by peer
Sep 30 08:13:39 host1 nginx[1023]: WARN Reloading configuration
Sep 30 08:13:42 host1 cron[1024]: ERROR Health check ok latency=75ms
Sep 30 08:13:45 host1 NetworkManager[1025]: DEBUG Disk usage on /var at 76%
Sep 30 08:13:48 host1 kernel[1026]: INFO Accepted publickey for deploy from 10.0.0.77
Sep 30 08:13:51 host1 sshd[1027]: WARN Started session 78 of user app
Sep 30 08:13:54 host1 systemd[1028]: ERROR Connection reset by peer
Sep 30 08:13:57 host1 nginx[1029]: DEBUG Reloading configuration
Sep 30 08:14:00 host1 cron[1030]: INFO Health check ok latency=81ms
Sep 30 08:14:03 host1 NetworkManager[1031]: WARN Disk usage on /var at 82%
Sep 30 08:14:06 host1 kernel[1032]: ERROR Accepted publickey for deploy from 10.0.0.83
Sep 30 08:14:09 host1 sshd[1033]: DEBUG Started session 84 of user app
Sep 30 08:14:12 host1 systemd[1034]: INFO Connection reset by peer
Sep 30 08:14:15 host1 nginx[1035]: WARN Reloading configuration
Sep 30 08:14:18 host1 cron[1036]: ERROR Health check ok latency=87ms
Sep 30 08:14:21 host1 NetworkManager[1037]: DEBUG Disk usage on /var at 88%
Sep 30 08:14:24 host1 kernel[1038]: INFO Accepted publickey for deploy from 10.0.0.89
Sep 30 08:14:27 host1 sshd[1039]: WARN Started session 90 of user app
Sep 30 08:14:30 host1 systemd[1040]: ERROR Connection reset by peer
Sep 30 08:14:33 host1 nginx[1041]: DEBUG Reloading configuration
Sep 30 08:14:36 host1 cron[1042]: INFO Health check ok latency=93ms
Sep 30 08:14:39 host1 NetworkManager[1043]: WARN Disk usage on /var at 94%
Sep 30 08:14:42 host1 kernel[1044]: ERROR Accepted publickey for deploy from 10.0.0.95
Sep 30 08:14:45 host1 sshd[1045]: DEBUG Started session 96 of user app
Sep 30 08:14:48 host1 systemd[1046]: INFO Connection reset by peer
Sep 30 08:14:51 host1 nginx[1047]: WARN Reloading configuration
Sep 30 08:14:54 host1 cron[1048]: ERROR Health check ok latency=99ms
Sep 30 08:14:57 host1 NetworkManager[1049]: DEBUG Disk usage on /var at 100%
Sep 30 08:15:00 host1 kernel[1000]: INFO Accepted publickey for deploy from 10.0.0.101
Sep 30 08:15:03 host1 sshd[1001]: WARN Started session 102 of user app
Sep 30 08:15:06 host1 systemd[1002]: ERROR Connection reset by peer
Sep 30 08:15:09 host1 nginx[1003]: DEBUG Reloading configuration
Sep 30 08:15:12 host1 cron[1004]: INFO Health check ok latency=105ms
Sep 30 08:15:15 host1 NetworkManager[1005]: WARN Disk usage on /var at 106%
Sep 30 08:15:18 host1 kernel[1006]: ERROR Accepted publickey for deploy from 10.0.0.107
Sep 30 08:15:21 host1 sshd[1007]: DEBUG Started session 108 of user app
Sep 30 08:15:24 host1 systemd[1008]: INFO Connection reset by peer
Sep 30 08:15:27 host1 nginx[1009]: WARN Reloading configuration
Sep 30 08:15:30 host1 cron[1010]: ERROR Health check ok latency=111ms
Sep 30 08:15:33 host1 NetworkManager[1011]: DEBUG Disk usage on /var at 112%
Sep 30 08:15:36 host1 kernel[1012]: INFO Accepted publickey for deploy from 10.0.0.113
Sep 30 08:15:39 host1 sshd[1013]: WARN Started session 114 of user app
Sep 30 08:15:42 host1 systemd[1014]: ERROR Connection reset by peer
Sep 30 08:15:45 host1 nginx[1015]: DEBUG Reloading configuration
Sep 30 08:15:48 host1 cron[1016]: INFO Health check ok latency=117ms
Sep 30 08:15:51 host1 NetworkManager[1017]: WARN Disk usage on /var at 118%
Sep 30 08:15:54 host1 kernel[1018]: ERROR Accepted publickey for deploy from 10.0.0.119
Sep 30 08:15:57 host1 sshd[1019]: DEBUG Started session 120 of user app
Sep 30 08:16:00 host1 systemd[1020]: INFO Connection reset by peer
Sep 30 08:16:03 host1 nginx[1021]: WARN Reloading configuration
Sep 30 08:16:06 host1 cron[1022]: ERROR Health check ok latency=123ms
Sep 30 08:16:09 host1 NetworkManager[1023]: DEBUG Disk usage on /var at 124%
Sep 30 08:16:12 host1 kernel[1024]: INFO Accepted publickey for deploy from 10.0.0.125
Sep 30 08:16:15 host1 sshd[1025]: WARN Started session 126 of user app
Sep 30 08:16:18 host1 systemd[1026]: ERROR Connection reset by peer
Sep 30 08:16:21 host1 nginx[1027]: DEBUG Reloading configuration
Sep 30 08:16:24 host1 cron[1028]: INFO Health check ok latency=129ms
Sep 30 08:16:27 host1 NetworkManager[1029]: WARN Disk usage on /var at 130%
Sep 30 08:16:30 host1 kernel[1030]: ERROR Accepted publickey for deploy from 10.0.0.131
Sep 30 08:16:33 host1 sshd[1031]: DEBUG Started session 132 of user app
Sep 30 08:16:36 host1 systemd[1032]: INFO Connection reset by peer
Sep 30 08:16:39 host1 nginx[1033]: WARN Reloading configuration
Sep 30 08:16:42 host1 cron[1034]: ERROR Health check ok latency=135ms
Sep 30 08:16:45 host1 NetworkManager[1035]: DEBUG Disk usage on /var at 136%
Sep 30 08:16:48 host1 kernel[1036]: INFO Accepted publickey for deploy from 10.0.0.137
Sep 30 08:16:51 host1 sshd[1037]: WARN Started session 138 of user app
Sep 30 08:16:54 host1 systemd[1038]: ERROR Connection reset by peer
Sep 30 08:16:57 host1 nginx[1039]: DEBUG Reloading configuration
Sep 30 08:17:00 host1 cron[1040]: INFO Health check ok latency=141ms
Sep 30 08:17:03 host1 NetworkManager[1041]: WARN Disk usage on /var at 142%
Sep 30 08:17:06 host1 kernel[1042]: ERROR Accepted publickey for deploy from 10.0.0.143
Sep 30 08:17:09 host1 sshd[1043]: DEBUG Started session 144 of user app
Sep 30 08:17:12 host1 systemd[1044]: INFO Connection reset by peer
Sep 30 08:17:15 host1 nginx[1045]: WARN Reloading configuration
Sep 30 08:17:18 host1 cron[1046]: ERROR Health check ok latency=147ms
Sep 30 08:17:21 host1 NetworkManager[1047]: DEBUG Disk usage on /var at 148%
Sep 30 08:17:24 host1 kernel[1048]: INFO Accepted publickey for deploy from 10.0.0.149
Sep 30 08:17:27 host1 sshd[1049]: WARN Started session 150 of user app
Sep 30 08:17:30 host1 systemd[1000]: ERROR Connection reset by peer
Sep 30 08:17:33 host1 nginx[1001]: DEBUG Reloading configuration
Sep 30 08:17:36 host1 cron[1002]: INFO Health check ok latency=153ms
Sep 30 08:17:39 host1 NetworkManager[1003]: WARN Disk usage on /var at 154%
Sep 30 08:17:42 host1 kernel[1004]: ERROR Accepted publickey for deploy from 10.0.0.155
Sep 30 08:17:45 host1 sshd[1005]: DEBUG Started session 156 of user app
Sep 30 08:17:48 host1 systemd[1006]: INFO Connection reset by peer
Sep 30 08:17:51 host1 nginx[1007]: WARN Reloading configuration
Sep 30 08:17:54 host1 cron[1008]: ERROR Health check ok latency=159ms
Sep 30 08:17:57 host1 NetworkManager[1009]: DEBUG Disk usage on /var at 160%
Sep 30 08:18:00 host1 kernel[1010]: INFO Accepted publickey for deploy from 10.0.0.161
Sep 30 08:18:03 host1 sshd[1011]: WARN Started session 162 of user app
Sep 30 08:18:06 host1 systemd[1012]: ERROR Connection reset by peer
Sep 30 08:18:09 host1 nginx[1013]: DEBUG Reloading configuration
Sep 30 08:18:12 host1 cron[1014]: INFO Health check ok latency=165ms
Sep 30 08:18:15 host1 NetworkManager[1015]: WARN Disk usage on /var at 166%
Sep 30 08:18:18 host1 kernel[1016]: ERROR Accepted publickey for deploy from 10.0.0.167
Sep 30 08:18:21 host1 sshd[1017]: DEBUG Started session 168 of user app
Sep 30 08:18:24 host1 systemd[1018]: INFO Connection reset by peer
Sep 30 08:18:27 host1 nginx[1019]: WARN Reloading configuration
Sep 30 08:18:30 host1 cron[1020]: ERROR Health check ok latency=171ms
Sep 30 08:18:33 host1 NetworkManager[1021]: DEBUG Disk usage on /var at 172%
Sep 30 08:18:36 host1 kernel[1022]: INFO Accepted publickey for deploy from 10.0.0.173
Sep 30 08:18:39 host1 sshd[1023]: WARN Started session 174 of user app
Sep 30 08:18:42 host1 systemd[1024]: ERROR Connection reset by peer
Sep 30 08:18:45 host1 nginx[1025]: DEBUG Reloading configuration
Sep 30 08:18:48 host1 cron[1026]: INFO Health check ok latency=177ms
Sep 30 08:18:51 host1 NetworkManager[1027]: WARN Disk usage on /var at 178%
Sep 30 08:18:54 host1 kernel[1028]: ERROR Accepted publickey for deploy from 10.0.0.179
Sep 30 08:18:57 host1 sshd[1029]: DEBUG Started session 180 of user app
Sep 30 08:19:00 host1 systemd[1030]: INFO Connection reset by peer
Sep 30 08:19:03 host1 nginx[1031]: WARN Reloading configuration
Sep 30 08:19:06 host1 cron[1032]: ERROR Health check ok latency=183ms
Sep 30 08:19:09 host1 NetworkManager[1033]: DEBUG Disk usage on /var at 184%
Sep 30 08:19:12 host1 kernel[1034]: INFO Accepted publickey for deploy from 10.0.0.185
Sep 30 08:19:15 host1 sshd[1035]: WARN Started session 186 of user app
Sep 30 08:19:18 host1 systemd[1036]: ERROR Connection reset by peer
Sep 30 08:19:21 host1 nginx[1037]: DEBUG Reloading configuration
Sep 30 08:19:24 host1 cron[1038]: INFO Health check ok latency=189ms
Sep 30 08:19:27 host1 NetworkManager[1039]: WARN Disk usage on /var at 190%
Sep 30 08:19:30 host1 kernel[1040]: ERROR Accepted publickey for deploy from 10.0.0.191
Sep 30 08:19:33 host1 sshd[1041]: DEBUG Started session 192 of user app
Sep 30 08:19:36 host1 systemd[1042]: INFO Connection reset by peer
Sep 30 08:19:39 host1 nginx[1043]: WARN Reloading configuration
Sep 30 08:19:42 host1 cron[1044]: ERROR Health check ok latency=195ms
Sep 30 08:19:45 host1 NetworkManager[1045]: DEBUG Disk usage on /var at 196%
Sep 30 08:19:48 host1 kernel[1046]: INFO Accepted publickey for deploy from 10.0.0.197
Sep 30 08:19:51 host1 sshd[1047]: WARN Started session 198 of user app
Sep 30 08:19:54 host1 systemd[1048]: ERROR Connection reset by peer
Sep 30 08:19:57 host1 nginx[1049]: DEBUG Reloading configuration
Sep 30 08:20:00 host1 cron[1000]: INFO Health check ok latency=1ms
Sep 30 08:20:03 host1 NetworkManager[1001]: WARN Disk usage on /var at 2%
Sep 30 08:20:06 host1 kernel[1002]: ERROR Accepted publickey for deploy from 10.0.0.3
Sep 30 08:20:09 host1 sshd[1003]: DEBUG Started session 4 of user app
Sep 30 08:20:12 host1 systemd[1004]: INFO Connection reset by peer
Sep 30 08:20:15 host1 nginx[1005]: WARN Reloading configuration
Sep 30 08:20:18 host1 cron[1006]: ERROR Health check ok latency=7ms
Sep 30 08:20:21 host1 NetworkManager[1007]: DEBUG Disk usage on /var at 8%
Sep 30 08:20:24 host1 kernel[1008]: INFO Accepted publickey for deploy from 10.0.0.9
Sep 30 08:20:27 host1 sshd[1009]: WARN Started session 10 of user app
Sep 30 08:20:30 host1 systemd[1010]: ERROR Connection reset by peer
Sep 30 08:20:33 host1 nginx[1011]: DEBUG Reloading configuration
Sep 30 08:20:36 host1 cron[1012]: INFO Health check ok latency=13ms
Sep 30 08:20:39 host1 NetworkManager[1013]: WARN Disk usage on /var at 14%
Sep 30 08:20:42 host1 kernel[1014]: ERROR Accepted publickey for deploy from 10.0.0.15
Sep 30 08:20:45 host1 sshd[1015]: DEBUG Started session 16 of user app
Sep 30 08:20:48 host1 systemd[1016]: INFO Connection reset by peer
Sep 30 08:20:51 host1 nginx[1017]: WARN Reloading configuration
Sep 30 08:20:54 host1 cron[1018]: ERROR Health check ok latency=19ms
Sep 30 08:20:57 host1 NetworkManager[1019]: DEBUG Disk usage on /var at 20%
Sep 30 08:21:00 host1 kernel[1020]: INFO Accepted publickey for deploy from 10.0.0.21
Sep 30 08:21:03 host1 sshd[1021]: WARN Started session 22 of user app
Sep 30 08:21:06 host1 systemd[1022]: ERROR Connection reset by peer
Sep 30 08:21:09 host1 nginx[1023]: DEBUG Reloading configuration
Sep 30 08:21:12 host1 cron[1024]: INFO Health check ok latency=25ms
Sep 30 08:21:15 host1 NetworkManager[1025]: WARN Disk usage on /var at 26%
Sep 30 08:21:18 host1 kernel[1026]: ERROR Accepted publickey for deploy from 10.0.0.27
Sep 30 08:21:21 host1 sshd[1027]: DEBUG Started session 28 of user app
Sep 30 08:21:24 host1 systemd[1028]: INFO Connection reset by peer
Sep 30 08:21:27 host1 nginx[1029]: WARN Reloading configuration
Sep 30 08:21:30 host1 cron[1030]: ERROR Health check ok latency=31ms
Sep 30 08:21:33 host1 NetworkManager[1031]: DEBUG Disk usage on /var at 32%
Sep 30 08:21:36 host1 kernel[1032]: INFO Accepted publickey for deploy from 10.0.0.33
Sep 30 08:21:39 host1 sshd[1033]: WARN Started session 34 of user app
Sep 30 08:21:42 host1 systemd[1034]: ERROR Connection reset by peer
Sep 30 08:21:45 host1 nginx[1035]: DEBUG Reloading configuration
Sep 30 08:21:48 host1 cron[1036]: INFO Health check ok latency=37ms
Sep 30 08:21:51 host1 NetworkManager[1037]: WARN Disk usage on /var at 38%
Sep 30 08:21:54 host1 kernel[1038]: ERROR Accepted publickey for deploy from 10.0.0.39
Sep 30 08:21:57 host1 sshd[1039]: DEBUG Started session 40 of user app
Sep 30 08:22:00 host1 systemd[1040]: INFO Connection reset by peer
Sep 30 08:22:03 host1 nginx[1041]: WARN Reloading configuration
Sep 30 08:22:06 host1 cron[1042]: ERROR Health check ok latency=43ms
Sep 30 08:22:09 host1 NetworkManager[1043]: DEBUG Disk usage on /var at 44%
Sep 30 08:22:12 host1 kernel[1044]: INFO Accepted publickey for deploy from 10.0.0.45
Sep 30 08:22:15 host1 sshd[1045]: WARN Started session 46 of user app
Sep 30 08:22:18 host1 systemd[1046]: ERROR Connection reset by peer
Sep 30 08:22:21 host1 nginx[1047]: DEBUG Reloading configuration
Sep 30 08:22:24 host1 cron[1048]: INFO Health check ok latency=49ms
Sep 30 08:22:27 host1 NetworkManager[1049]: WARN Disk usage on /var at 50%
Sep 30 08:22:30 host1 kernel[1000]: ERROR Accepted publickey for deploy from 10.0.0.51
Sep 30 08:22:33 host1 sshd[1001]: DEBUG Started session 52 of user app
Sep 30 08:22:36 host1 systemd[1002]: INFO Connection reset by peer
Sep 30 08:22:39 host1 nginx[1003]: WARN Reloading configuration
Sep 30 08:22:42 host1 cron[1004]: ERROR Health check ok latency=55ms
Sep 30 08:22:45 host1 NetworkManager[1005]: DEBUG Disk usage on /var at 56%
Sep 30 08:22:48 host1 kernel[1006]: INFO Accepted publickey for deploy from 10.0.0.57
Sep 30 08:22:51 host1 sshd[1007]: WARN Started session 58 of user app
Sep 30 08:22:54 host1 systemd[1008]: ERROR Connection reset by peer
Sep 30 08:22:57 host1 nginx[1009]: DEBUG Reloading configuration
Sep 30 08:23:00 host1 cron[1010]: INFO Health check ok latency=61ms
Sep 30 08:23:03 host1 NetworkManager[1011]: WARN Disk usage on /var at 62%
Sep 30 08:23:06 host1 kernel[1012]: ERROR Accepted publickey for deploy from 10.0.0.63
Sep 30 08:23:09 host1 sshd[1013]: DEBUG Started session 64 of user app
Sep 30 08:23:12 host1 systemd[1014]: INFO Connection reset by peer
Sep 30 08:23:15 host1 nginx[1015]: WARN Reloading configuration
Sep 30 08:23:18 host1 cron[1016]: ERROR Health check ok latency=67ms
Sep 30 08:23:21 host1 NetworkManager[1017]: DEBUG Disk usage on /var at 68%
Sep 30 08:23:24 host1 kernel[1018]: INFO Accepted publickey for deploy from 10.0.0.69
Sep 30 08:23:27 host1 sshd[1019]: WARN Started session 70 of user app
Sep 30 08:23:30 host1 systemd[1020]: ERROR Connection reset by peer
Sep 30 08:23:33 host1 nginx[1021]: DEBUG Reloading configuration
Sep 30 08:23:36 host1 cron[1022]: INFO Health check ok latency=73ms
Sep 30 08:23:39 host1 NetworkManager[1023]: WARN Disk usage on /var at 74%
Sep 30 08:23:42 host1 kernel[1024]: ERROR Accepted publickey for deploy from 10.0.0.75
Sep 30 08:23:45 host1 sshd[1025]: DEBUG Started session 76 of user app
Sep 30 08:23:48 host1 systemd[1026]: INFO Connection reset by peer
Sep 30 08:23:51 host1 nginx[1027]: WARN Reloading configuration
Sep 30 08:23:54 host1 cron[1028]: ERROR Health check ok latency=79ms
Sep 30 08:23:57 host1 NetworkManager[1029]: DEBUG Disk usage on /var at 80%
Sep 30 08:24:00 host1 kernel[1030]: INFO Accepted publickey for deploy from 10.0.0.81
Sep 30 08:24:03 host1 sshd[1031]: WARN Started session 82 of user app
Sep 30 08:24:06 host1 systemd[1032]: ERROR Connection reset by peer
Sep 30 08:24:09 host1 nginx[1033]: DEBUG Reloading configuration
Sep 30 08:24:12 host1 cron[1034]: INFO Health check ok latency=85ms
Sep 30 08:24:15 host1 NetworkManager[1035]: WARN Disk usage on /var at 86%
Sep 30 08:24:18 host1 kernel[1036]: ERROR Accepted publickey for deploy from 10.0.0.87
Sep 30 08:24:21 host1 sshd[1037]: DEBUG Started session 88 of user app
Sep 30 08:24:24 host1 systemd[1038]: INFO Connection reset by peer
Sep 30 08:24:27 host1 nginx[1039]: WARN Reloading configuration
Sep 30 08:24:30 host1 cron[1040]: ERROR Health check ok latency=91ms
Sep 30 08:24:33 host1 NetworkManager[1041]: DEBUG Disk usage on /var at 92%
Sep 30 08:24:36 host1 kernel[1042]: INFO Accepted publickey for deploy from 10.0.0.93
Sep 30 08:24:39 host1 sshd[1043]: WARN Started session 94 of user app
Sep 30 08:24:42 host1 systemd[1044]: ERROR Connection reset by peer
Sep 30 08:24:45 host1 nginx[1045]: DEBUG Reloading configuration
Sep 30 08:24:48 host1 cron[1046]: INFO Health check ok latency=97ms
Sep 30 08:24:51 host1 NetworkManager[1047]: WARN Disk usage on /var at 98%
Sep 30 08:24:54 host1 kernel[1048]: ERROR Accepted publickey for deploy from 10.0.0.99
Sep 30 08:24:57 host1 sshd[1049]: DEBUG Started session 100 of user app
Sep 30 08:25:00 host1 systemd[1000]: INFO Connection reset by peer
Sep 30 08:25:03 host1 nginx[1001]: WARN Reloading configuration
Sep 30 08:25:06 host1 cron[1002]: ERROR Health check ok latency=103ms
Sep 30 08:25:09 host1 NetworkManager[1003]: DEBUG Disk usage on /var at 104%
Sep 30 08:25:12 host1 kernel[1004]: INFO Accepted publickey for deploy from 10.0.0.105
Sep 30 08:25:15 host1 sshd[1005]: WARN Started session 106 of user app
Sep 30 08:25:18 host1 systemd[1006]: ERROR Connection reset by peer
Sep 30 08:25:21 host1 nginx[1007]: DEBUG Reloading configuration
Sep 30 08:25:24 host1 cron[1008]: INFO Health check ok latency=109ms
Sep 30 08:25:27 host1 NetworkManager[1009]: WARN Disk usage on /var at 110%
Sep 30 08:25:30 host1 kernel[1010]: ERROR Accepted publickey for deploy from 10.0.0.111
Sep 30 08:25:33 host1 sshd[1011]: DEBUG Started session 112 of user app
Sep 30 08:25:36 host1 systemd[1012]: INFO Connection reset by peer
Sep 30 08:25:39 host1 nginx[1013]: WARN Reloading configuration
Sep 30 08:25:42 host1 cron[1014]: ERROR Health check ok latency=115ms
Sep 30 08:25:45 host1 NetworkManager[1015]: DEBUG Disk usage on /var at 116%
Sep 30 08:25:48 host1 kernel[1016]: INFO Accepted publickey for deploy from 10.0.0.117
Sep 30 08:25:51 host1 sshd[1017]: WARN Started session 118 of user app
Sep 30 08:25:54 host1 systemd[1018]: ERROR Connection reset by peer
Sep 30 08:25:57 host1 nginx[1019]: DEBUG Reloading configuration
Sep 30 08:26:00 host1 cron[1020]: INFO Health check ok latency=121ms
Sep 30 08:26:03 host1 NetworkManager[1021]: WARN Disk usage on /var at 122%
Sep 30 08:26:06 host1 kernel[1022]: ERROR Accepted publickey for deploy from 10.0.0.123
Sep 30 08:26:09 host1 sshd[1023]: DEBUG Started session 124 of user app
Sep 30 08:26:12 host1 systemd[1024]: INFO Connection reset by peer
Sep 30 08:26:15 host1 nginx[1025]: WARN Reloading configuration
Sep 30 08:26:18 host1 cron[1026]: ERROR Health check ok latency=127ms
Sep 30 08:26:21 host1 NetworkManager[1027]: DEBUG Disk usage on /var at 128%
Sep 30 08:26:24 host1 kernel[1028]: INFO Accepted publickey for deploy from 10.0.0.129
Sep 30 08:26:27 host1 sshd[1029]: WARN Started session 130 of user app
Sep 30 08:26:30 host1 systemd[1030]: ERROR Connection reset by peer
Sep 30 08:26:33 host1 nginx[1031]: DEBUG Reloading configuration
Sep 30 08:26:36 host1 cron[1032]: INFO Health check ok latency=133ms
Sep 30 08:26:39 host1 NetworkManager[1033]: WARN Disk usage on /var at 134%
Sep 30 08:26:42 host1 kernel[1034]: ERROR Accepted publickey for deploy from 10.0.0.135
Sep 30 08:26:45 host1 sshd[1035]: DEBUG Started session 136 of user app
Sep 30 08:26:48 host1 systemd[1036]: INFO Connection reset by peer
Sep 30 08:26:51 host1 nginx[1037]: WARN Reloading configuration
Sep 30 08:26:54 host1 cron[1038]: ERROR Health check ok latency=139ms
Sep 30 08:26:57 host1 NetworkManager[1039]: DEBUG Disk usage on /var at 140%
Sep 30 08:27:00 host1 kernel[1040]: INFO Accepted publickey for deploy from 10.0.0.141
Sep 30 08:27:03 host1 sshd[1041]: WARN Started session 142 of user app
Sep 30 08:27:06 host1 systemd[1042]: ERROR Connection reset by peer
Sep 30 08:27:09 host1 nginx[1043]: DEBUG Reloading configuration
Sep 30 08:27:12 host1 cron[1044]: INFO Health check ok latency=145ms
Sep 30 08:27:15 host1 NetworkManager[1045]: WARN Disk usage on /var at 146%
Sep 30 08:27:18 host1 kernel[1046]: ERROR Accepted publickey for deploy from 10.0.0.147
Sep 30 08:27:21 host1 sshd[1047]: DEBUG Started session 148 of user app
Sep 30 08:27:24 host1 systemd[1048]: INFO Connection reset by peer
Sep 30 08:27:27 host1 nginx[1049]: WARN Reloading configuration
Sep 30 08:27:30 host1 cron[1000]: ERROR Health check ok latency=151ms
Sep 30 08:27:33 host1 NetworkManager[1001]: DEBUG Disk usage on /var at 152%
Sep 30 08:27:36 host1 kernel[1002]: INFO Accepted publickey for deploy from 10.0.0.153
Sep 30 08:27:39 host1 sshd[1003]: WARN Started session 154 of user app
Sep 30 08:27:42 host1 systemd[1004]: ERROR Connection reset by peer
Sep 30 08:27:45 host1 nginx[1005]: DEBUG Reloading configuration
Sep 30 08:27:48 host1 cron[1006]: INFO Health check ok latency=157ms
Sep 30 08:27:51 host1 NetworkManager[1007]: WARN Disk usage on /var at 158%
Sep 30 08:27:54 host1 kernel[1008]: ERROR Accepted publickey for deploy from 10.0.0.159
Sep 30 08:27:57 host1 sshd[1009]: DEBUG Started session 160 of user app
Sep 30 08:28:00 host1 systemd[1010]: INFO Connection reset by peer
Sep 30 08:28:03 host1 nginx[1011]: WARN Reloading configuration
Sep 30 08:28:06 host1 cron[1012]: ERROR Health check ok latency=163ms
Sep 30 08:28:09 host1 NetworkManager[1013]: DEBUG Disk usage on /var at 164%
Sep 30 08:28:12 host1 kernel[1014]: INFO Accepted publickey for deploy from 10.0.0.165
Sep 30 08:28:15 host1 sshd[1015]: WARN Started session 166 of user app
Sep 30 08:28:18 host1 systemd[1016]: ERROR Connection reset by peer
Sep 30 08:28:21 host1 nginx[1017]: DEBUG Reloading configuration
Sep 30 08:28:24 host1 cron[1018]: INFO Health check ok latency=169ms
Sep 30 08:28:27 host1 NetworkManager[1019]: WARN Disk usage on /var at 170%
Sep 30 08:28:30 host1 kernel[1020]: ERROR Accepted publickey for deploy from 10.0.0.171
Sep 30 08:28:33 host1 sshd[1021]: DEBUG Started session 172 of user app
Sep 30 08:28:36 host1 systemd[1022]: INFO Connection reset by peer
Sep 30 08:28:39 host1 nginx[1023]: WARN Reloading configuration
Sep 30 08:28:42 host1 cron[1024]: ERROR Health check ok latency=175ms
Sep 30 08:28:45 host1 NetworkManager[1025]: DEBUG Disk usage on /var at 176%
Sep 30 08:28:48 host1 kernel[1026]: INFO Accepted publickey for deploy from 10.0.0.177
Sep 30 08:28:51 host1 sshd[1027]: WARN Started session 178 of user app
Sep 30 08:28:54 host1 systemd[1028]: ERROR Connection reset by peer
Sep 30 08:28:57 host1 nginx[1029]: DEBUG Reloading configuration
Sep 30 08:29:00 host1 cron[1030]: INFO Health check ok latency=181ms
Sep 30 08:29:03 host1 NetworkManager[1031]: WARN Disk usage on /var at 182%
Sep 30 08:29:06 host1 kernel[1032]: ERROR Accepted publickey for deploy from 10.0.0.183
Sep 30 08:29:09 host1 sshd[1033]: DEBUG Started session 184 of user app
Sep 30 08:29:12 host1 systemd[1034]: INFO Connection reset by peer
Sep 30 08:29:15 host1 nginx[1035]: WARN Reloading configuration
Sep 30 08:29:18 host1 cron[1036]: ERROR Health check ok latency=187ms
Sep 30 08:29:21 host1 NetworkManager[1037]: DEBUG Disk usage on /var at 188%
Sep 30 08:29:24 host1 kernel[1038]: INFO Accepted publickey for deploy from 10.0.0.189
Sep 30 08:29:27 host1 sshd[1039]: WARN Started session 190 of user app
Sep 30 08:29:30 host1 systemd[1040]: ERROR Connection reset by peer
Sep 30 08:29:33 host1 nginx[1041]: DEBUG Reloading configuration
Sep 30 08:29:36 host1 cron[1042]: INFO Health check ok latency=193ms
Sep 30 08:29:39 host1 NetworkManager[1043]: WARN Disk usage on /var at 194%
Sep 30 08:29:42 host1 kernel[1044]: ERROR Accepted publickey for deploy from 10.0.0.195
Sep 30 08:29:45 host1 sshd[1045]: DEBUG Started session 196 of user app
Sep 30 08:29:48 host1 systemd[1046]: INFO Connection reset by peer
Sep 30 08:29:51 host1 nginx[1047]: WARN Reloading configuration
Sep 30 08:29:54 host1 cron[1048]: ERROR Health check ok latency=199ms
Sep 30 08:29:57 host1 NetworkManager[1049]: DEBUG Disk usage on /var at 200%
Sep 30 08:30:00 host1 kernel[1000]: INFO Accepted publickey for deploy from 10.0.0.1
Sep 30 08:30:03 host1 sshd[1001]: WARN Started session 2 of user app
Sep 30 08:30:06 host1 systemd[1002]: ERROR Connection reset by peer
Sep 30 08:30:09 host1 nginx[1003]: DEBUG Reloading configuration
Sep 30 08:30:12 host1 cron[1004]: INFO Health check ok latency=5ms
Sep 30 08:30:15 host1 NetworkManager[1005]: WARN Disk usage on /var at 6%
Sep 30 08:30:18 host1 kernel[1006]: ERROR Accepted publickey for deploy from 10.0.0.7
Sep 30 08:30:21 host1 sshd[1007]: DEBUG Started session 8 of user app
Sep 30 08:30:24 host1 systemd[1008]: INFO Connection reset by peer
Sep 30 08:30:27 host1 nginx[1009]: WARN Reloading configuration
Sep 30 08:30:30 host1 cron[1010]: ERROR Health check ok latency=11ms
Sep 30 08:30:33 host1 NetworkManager[1011]: DEBUG Disk usage on /var at 12%
Sep 30 08:30:36 host1 kernel[1012]: INFO Accepted publickey for deploy from 10.0.0.13
Sep 30 08:30:39 host1 sshd[1013]: WARN Started session 14 of user app
Sep 30 08:30:42 host1 systemd[1014]: ERROR Connection reset by peer
Sep 30 08:30:45 host1 nginx[1015]: DEBUG Reloading configuration
Sep 30 08:30:48 host1 cron[1016]: INFO Health check ok latency=17ms
Sep 30 08:30:51 host1 NetworkManager[1017]: WARN Disk usage on /var at 18%
Sep 30 08:30:54 host1 kernel[1018]: ERROR Accepted publickey for deploy from 10.0.0.19
Sep 30 08:30:57 host1 sshd[1019]: DEBUG Started session 20 of user app
Sep 30 08:31:00 host1 systemd[1020]: INFO Connection reset by peer
Sep 30 08:31:03 host1 nginx[1021]: WARN Reloading configuration
Sep 30 08:31:06 host1 cron[1022]: ERROR Health check ok latency=23ms
Sep 30 08:31:09 host1 NetworkManager[1023]: DEBUG Disk usage on /var at 24%
Sep 30 08:31:12 host1 kernel[1024]: INFO Accepted publickey for deploy from 10.0.0.25
Sep 30 08:31:15 host1 sshd[1025]: WARN Started session 26 of user app
Sep 30 08:31:18 host1 systemd[1026]: ERROR Connection reset by peer
Sep 30 08:31:21 host1 nginx[1027]: DEBUG Reloading configuration
Sep 30 08:31:24 host1 cron[1028]: INFO Health check ok latency=29ms
Sep 30 08:31:27 host1 NetworkManager[1029]: WARN Disk usage on /var at 30%
Sep 30 08:31:30 host1 kernel[1030]: ERROR Accepted publickey for deploy from 10.0.0.31
Sep 30 08:31:33 host1 sshd[1031]: DEBUG Started session 32 of user app
Sep 30 08:31:36 host1 systemd[1032]: INFO Connection reset by peer
Sep 30 08:31:39 host1 nginx[1033]: WARN Reloading configuration
Sep 30 08:31:42 host1 cron[1034]: ERROR Health check ok latency=35ms
Sep 30 08:31:45 host1 NetworkManager[1035]: DEBUG Disk usage on /var at 36%
Sep 30 08:31:48 host1 kernel[1036]: INFO Accepted publickey for deploy from 10.0.0.37
Sep 30 08:31:51 host1 sshd[1037]: WARN Started session 38 of user app
Sep 30 08:31:54 host1 systemd[1038]: ERROR Connection reset by peer
Sep 30 08:31:57 host1 nginx[1039]: DEBUG Reloading configuration
Sep 30 08:32:00 host1 cron[1040]: INFO Health check ok latency=41ms
Sep 30 08:32:03 host1 NetworkManager[1041]: WARN Disk usage on /var at 42%
Sep 30 08:32:06 host1 kernel[1042]: ERROR Accepted publickey for deploy from 10.0.0.43
Sep 30 08:32:09 host1 sshd[1043]: DEBUG Started session 44 of user app
Sep 30 08:32:12 host1 systemd[1044]: INFO Connection reset by peer
Sep 30 08:32:15 host1 nginx[1045]: WARN Reloading configuration
Sep 30 08:32:18 host1 cron[1046]: ERROR Health check ok latency=47ms
Sep 30 08:32:21 host1 NetworkManager[1047]: DEBUG Disk usage on /var at 48%
Sep 30 08:32:24 host1 kernel[1048]: INFO Accepted publickey for deploy from 10.0.0.49
Sep 30 08:32:27 host1 sshd[1049]: WARN Started session 50 of user app
Sep 30 08:32:30 host1 systemd[1000]: ERROR Connection reset by peer
Sep 30 08:32:33 host1 nginx[1001]: DEBUG Reloading configuration
Sep 30 08:32:36 host1 cron[1002]: INFO Health check ok latency=53ms
Sep 30 08:32:39 host1 NetworkManager[1003]: WARN Disk usage on /var at 54%
Sep 30 08:32:42 host1 kernel[1004]: ERROR Accepted publickey for deploy from 10.0.0.55
Sep 30 08:32:45 host1 sshd[1005]: DEBUG Started session 56 of user app
Sep 30 08:32:48 host1 systemd[1006]: INFO Connection reset by peer
Sep 30 08:32:51 host1 nginx[1007]: WARN Reloading configuration
Sep 30 08:32:54 host1 cron[1008]: ERROR Health check ok latency=59ms
Sep 30 08:32:57 host1 NetworkManager[1009]: DEBUG Disk usage on /var at 60%
Sep 30 08:33:00 host1 kernel[1010]: INFO Accepted publickey for deploy from 10.0.0.61
Sep 30 08:33:03 host1 sshd[1011]: WARN Started session 62 of user app
Sep 30 08:33:06 host1 systemd[1012]: ERROR Connection reset by peer
Sep 30 08:33:09 host1 nginx[1013]: DEBUG Reloading configuration
Sep 30 08:33:12 host1 cron[1014]: INFO Health check ok latency=65ms
Sep 30 08:33:15 host1 NetworkManager[1015]: WARN Disk usage on /var at 66%
Sep 30 08:33:18 host1 kernel[1016]: ERROR Accepted publickey for deploy from 10.0.0.67
Sep 30 08:33:21 host1 sshd[1017]: DEBUG Started session 68 of user app
Sep 30 08:33:24 host1 systemd[1018]: INFO Connection reset by peer
Sep 30 08:33:27 host1 nginx[1019]: WARN Reloading configuration
Sep 30 08:33:30 host1 cron[1020]: ERROR Health check ok latency=71ms
Sep 30 08:33:33 host1 NetworkManager[1021]: DEBUG Disk usage on /var at 72%
Sep 30 08:33:36 host1 kernel[1022]: INFO Accepted publickey for deploy from 10.0.0.73
Sep 30 08:33:39 host1 sshd[1023]: WARN Started session 74 of user app
Sep 30 08:33:42 host1 systemd[1024]: ERROR Connection reset by peer
Sep 30 08:33:45 host1 nginx[1025]: DEBUG Reloading configuration
Sep 30 08:33:48 host1 cron[1026]: INFO Health check ok latency=77ms
Sep 30 08:33:51 host1 NetworkManager[1027]: WARN Disk usage on /var at 78%
Sep 30 08:33:54 host1 kernel[1028]: ERROR Accepted publickey for deploy from 10.0.0.79
Sep 30 08:33:57 host1 sshd[1029]: DEBUG Started session 80 of user app
Sep 30 08:34:00 host1 systemd[1030]: INFO Connection reset by peer
Sep 30 08:34:03 host1 nginx[1031]: WARN Reloading configuration
Sep 30 08:34:06 host1 cron[1032]: ERROR Health check ok latency=83ms
Sep 30 08:34:09 host1 NetworkManager[1033]: DEBUG Disk usage on /var at 84%
Sep 30 08:34:12 host1 kernel[1034]: INFO Accepted publickey for deploy from 10.0.0.85
Sep 30 08:34:15 host1 sshd[1035]: WARN Started session 86 of user app
Sep 30 08:34:18 host1 systemd[1036]: ERROR Connection reset by peer
Sep 30 08:34:21 host1 nginx[1037]: DEBUG Reloading configuration
Sep 30 08:34:24 host1 cron[1038]: INFO Health check ok latency=89ms
Sep 30 08:34:27 host1 NetworkManager[1039]: WARN Disk usage on /var at 90%
Sep 30 08:34:30 host1 kernel[1040]: ERROR Accepted publickey for deploy from 10.0.0.91
Sep 30 08:34:33 host1 sshd[1041]: DEBUG Started session 92 of user app
Sep 30 08:34:36 host1 systemd[1042]: INFO Connection reset by peer
Sep 30 08:34:39 host1 nginx[1043]: WARN Reloading configuration
Sep 30 08:34:42 host1 cron[1044]: ERROR Health check ok latency=95ms
Sep 30 08:34:45 host1 NetworkManager[1045]: DEBUG Disk usage on /var at 96%
Sep 30 08:34:48 host1 kernel[1046]: INFO Accepted publickey for deploy from 10.0.0.97
Sep 30 08:34:51 host1 sshd[1047]: WARN Started session 98 of user app
Sep 30 08:34:54 host1 systemd[1048]: ERROR Connection reset by peer
Sep 30 08:34:57 host1 nginx[1049]: DEBUG Reloading configuration
Sep 30 08:35:00 host1 cron[1000]: INFO Health check ok latency=101ms
Sep 30 08:35:03 host1 NetworkManager[1001]: WARN Disk usage on /var at 102%
Sep 30 08:35:06 host1 kernel[1002]: ERROR Accepted publickey for deploy from 10.0.0.103
Sep 30 08:35:09 host1 sshd[1003]: DEBUG Started session 104 of user app
Sep 30 08:35:12 host1 systemd[1004]: INFO Connection reset by peer
Sep 30 08:35:15 host1 nginx[1005]: WARN Reloading configuration
Sep 30 08:35:18 host1 cron[1006]: ERROR Health check ok latency=107ms
Sep 30 08:35:21 host1 NetworkManager[1007]: DEBUG Disk usage on /var at 108%
Sep 30 08:35:24 host1 kernel[1008]: INFO Accepted publickey for deploy from 10.0.0.109
Sep 30 08:35:27 host1 sshd[1009]: WARN Started session 110 of user app
Sep 30 08:35:30 host1 systemd[1010]: ERROR Connection reset by peer
Sep 30 08:35:33 host1 nginx[1011]: DEBUG Reloading configuration
Sep 30 08:35:36 host1 cron[1012]: INFO Health check ok latency=113ms
Sep 30 08:35:39 host1 NetworkManager[1013]: WARN Disk usage on /var at 114%
Sep 30 08:35:42 host1 kernel[1014]: ERROR Accepted publickey for deploy from 10.0.0.115
Sep 30 08:35:45 host1 sshd[1015]: DEBUG Started session 116 of user app
Sep 30 08:35:48 host1 systemd[1016]: INFO Connection reset by peer
Sep 30 08:35:51 host1 nginx[1017]: WARN Reloading configuration
Sep 30 08:35:54 host1 cron[1018]: ERROR Health check ok latency=119ms
Sep 30 08:35:57 host1 NetworkManager[1019]: DEBUG Disk usage on /var at 120%
Sep 30 08:36:00 host1 kernel[1020]: INFO Accepted publickey for deploy from 10.0.0.121
Sep 30 08:36:03 host1 sshd[1021]: WARN Started session 122 of user app
Sep 30 08:36:06 host1 systemd[1022]: ERROR Connection reset by peer
Sep 30 08:36:09 host1 nginx[1023]: DEBUG Reloading configuration
Sep 30 08:36:12 host1 cron[1024]: INFO Health check ok latency=125ms
Sep 30 08:36:15 host1 NetworkManager[1025]: WARN Disk usage on /var at 126%
Sep 30 08:36:18 host1 kernel[1026]: ERROR Accepted publickey for deploy from 10.0.0.127
Sep 30 08:36:21 host1 sshd[1027]: DEBUG Started session 128 of user app
Sep 30 08:36:24 host1 systemd[1028]: INFO Connection reset by peer
Sep 30 08:36:27 host1 nginx[1029]: WARN Reloading configuration
Sep 30 08:36:30 host1 cron[1030]: ERROR Health check ok latency=131ms
Sep 30 08:36:33 host1 NetworkManager[1031]: DEBUG Disk usage on /var at 132%
Sep 30 08:36:36 host1 kernel[1032]: INFO Accepted publickey for deploy from 10.0.0.133
Sep 30 08:36:39 host1 sshd[1033]: WARN Started session 134 of user app
Sep 30 08:36:42 host1 systemd[1034]: ERROR Connection reset by peer
Sep 30 08:36:45 host1 nginx[1035]: DEBUG Reloading configuration
Sep 30 08:36:48 host1 cron[1036]: INFO Health check ok latency=137ms
Sep 30 08:36:51 host1 NetworkManager[1037]: WARN Disk usage on /var at 138%
Sep 30 08:36:54 host1 kernel[1038]: ERROR Accepted publickey for deploy from 10.0.0.139
Sep 30 08:36:57 host1 sshd[1039]: DEBUG Started session 140 of user app
Sep 30 08:37:00 host1 systemd[1040]: INFO Connection reset by peer
Sep 30 08:37:03 host1 nginx[1041]: WARN Reloading configuration
Sep 30 08:37:06 host1 cron[1042]: ERROR Health check ok latency=143ms
Sep 30 08:37:09 host1 NetworkManager[1043]: DEBUG Disk usage on /var at 144%
Sep 30 08:37:12 host1 kernel[1044]: INFO Accepted publickey for deploy from 10.0.0.145
Sep 30 08:37:15 host1 sshd[1045]: WARN Started session 146 of user app
Sep 30 08:37:18 host1 systemd[1046]: ERROR Connection reset by peer
Sep 30 08:37:21 host1 nginx[1047]: DEBUG Reloading configuration
Sep 30 08:37:24 host1 cron[1048]: INFO Health check ok latency=149ms
Sep 30 08:37:27 host1 NetworkManager[1049]: WARN Disk usage on /var at 150%
Sep 30 08:37:30 host1 kernel[1000]: ERROR Accepted publickey for deploy from 10.0.0.151
Sep 30 08:37:33 host1 sshd[1001]: DEBUG Started session 152 of user app
Sep 30 08:37:36 host1 systemd[1002]: INFO Connection reset by peer
Sep 30 08:37:39 host1 nginx[1003]: WARN Reloading configuration
Sep 30 08:37:42 host1 cron[1004]: ERROR Health check ok latency=155ms
Sep 30 08:37:45 host1 NetworkManager[1005]: DEBUG Disk usage on /var at 156%
Sep 30 08:37:48 host1 kernel[1006]: INFO Accepted publickey for deploy from 10.0.0.157
Sep 30 08:37:51 host1 sshd[1007]: WARN Started session 158 of user app
Sep 30 08:37:54 host1 systemd[1008]: ERROR Connection reset by peer
Sep 30 08:37:57 host1 nginx[1009]: DEBUG Reloading configuration
Sep 30 08:38:00 host1 cron[1010]: INFO Health check ok latency=161ms
Sep 30 08:38:03 host1 NetworkManager[1011]: WARN Disk usage on /var at 162%
Sep 30 08:38:06 host1 kernel[1012]: ERROR Accepted publickey for deploy from 10.0.0.163
Sep 30 08:38:09 host1 sshd[1013]: DEBUG Started session 164 of user app
Sep 30 08:38:12 host1 systemd[1014]: INFO Connection reset by peer
Sep 30 08:38:15 host1 nginx[1015]: WARN Reloading configuration
Sep 30 08:38:18 host1 cron[1016]: ERROR Health check ok latency=167ms
Sep 30 08:38:21 host1 NetworkManager[1017]: DEBUG Disk usage on /var at 168%
Sep 30 08:38:24 host1 kernel[1018]: INFO Accepted publickey for deploy from 10.0.0.169
Sep 30 08:38:27 host1 sshd[1019]: WARN Started session 170 of user app
Sep 30 08:38:30 host1 systemd[1020]: ERROR Connection reset by peer
Sep 30 08:38:33 host1 nginx[1021]: DEBUG Reloading configuration
Sep 30 08:38:36 host1 cron[1022]: INFO Health check ok latency=173ms
Sep 30 08:38:39 host1 NetworkManager[1023]: WARN Disk usage on /var at 174%
Sep 30 08:38:42 host1 kernel[1024]: ERROR Accepted publickey for deploy from 10.0.0.175
Sep 30 08:38:45 host1 sshd[1025]: DEBUG Started session 176 of user app
Sep 30 08:38:48 host1 systemd[1026]: INFO Connection reset by peer
Sep 30 08:38:51 host1 nginx[1027]: WARN Reloading configuration
Sep 30 08:38:54 host1 cron[1028]: ERROR Health check ok latency=179ms
Sep 30 08:38:57 host1 NetworkManager[1029]: DEBUG Disk usage on /var at 180%
Sep 30 08:39:00 host1 kernel[1030]: INFO Accepted publickey for deploy from 10.0.0.181
Sep 30 08:39:03 host1 sshd[1031]: WARN Started session 182 of user app
Sep 30 08:39:06 host1 systemd[1032]: ERROR Connection reset by peer
Sep 30 08:39:09 host1 nginx[1033]: DEBUG Reloading configuration
Sep 30 08:39:12 host1 cron[1034]: INFO Health check ok latency=185ms
Sep 30 08:39:15 host1 NetworkManager[1035]: WARN Disk usage on /var at 186%
Sep 30 08:39:18 host1 kernel[1036]: ERROR Accepted publickey for deploy from 10.0.0.187
Sep 30 08:39:21 host1 sshd[1037]: DEBUG Started session 188 of user app
Sep 30 08:39:24 host1 systemd[1038]: INFO Connection reset by peer
Sep 30 08:39:27 host1 nginx[1039]: WARN Reloading configuration
Sep 30 08:39:30 host1 cron[1040]: ERROR Health check ok latency=191ms
Sep 30 08:39:33 host1 NetworkManager[1041]: DEBUG Disk usage on /var at 192%
Sep 30 08:39:36 host1 kernel[1042]: INFO Accepted publickey for deploy from 10.0.0.193
Sep 30 08:39:39 host1 sshd[1043]: WARN Started session 194 of user app
Sep 30 08:39:42 host1 systemd[1044]: ERROR Connection reset by peer
Sep 30 08:39:45 host1 nginx[1045]: DEBUG Reloading configuration
Sep 30 08:39:48 host1 cron[1046]: INFO Health check ok latency=197ms
Sep 30 08:39:51 host1 NetworkManager[1047]: WARN Disk usage on /var at 198%
Sep 30 08:39:54 host1 kernel[1048]: ERROR Accepted publickey for deploy from 10.0.0.199
Sep 30 08:39:57 host1 sshd[1049]: DEBUG Started session 200 of user app
Sep 30 08:40:00 host1 systemd[1000]: INFO Connection reset by peer
Sep 30 08:40:03 host1 nginx[1001]: WARN Reloading configuration
Sep 30 08:40:06 host1 cron[1002]: ERROR Health check ok latency=3ms
Sep 30 08:40:09 host1 NetworkManager[1003]: DEBUG Disk usage on /var at 4%
Sep 30 08:40:12 host1 kernel[1004]: INFO Accepted publickey for deploy from 10.0.0.5
Sep 30 08:40:15 host1 sshd[1005]: WARN Started session 6 of user app
Sep 30 08:40:18 host1 systemd[1006]: ERROR Connection reset by peer
Sep 30 08:40:21 host1 nginx[1007]: DEBUG Reloading configuration
Sep 30 08:40:24 host1 cron[1008]: INFO Health check ok latency=9ms
Sep 30 08:40:27 host1 NetworkManager[1009]: WARN Disk usage on /var at 10%
Sep 30 08:40:30 host1 kernel[1010]: ERROR Accepted publickey for deploy from 10.0.0.11
Sep 30 08:40:33 host1 sshd[1011]: DEBUG Started session 12 of user app
Sep 30 08:40:36 host1 systemd[1012]: INFO Connection reset by peer
Sep 30 08:40:39 host1 nginx[1013]: WARN Reloading configuration
Sep 30 08:40:42 host1 cron[1014]: ERROR Health check ok latency=15ms
Sep 30 08:40:45 host1 NetworkManager[1015]: DEBUG Disk usage on /var at 16%
Sep 30 08:40:48 host1 kernel[1016]: INFO Accepted publickey for deploy from 10.0.0.17
Sep 30 08:40:51 host1 sshd[1017]: WARN Started session 18 of user app
Sep 30 08:40:54 host1 systemd[1018]: ERROR Connection reset by peer
Sep 30 08:40:57 host1 nginx[1019]: DEBUG Reloading configuration
Sep 30 08:41:00 host1 cron[1020]: INFO Health check ok latency=21ms
Sep 30 08:41:03 host1 NetworkManager[1021]: WARN Disk usage on /var at 22%
Sep 30 08:41:06 host1 kernel[1022]: ERROR Accepted publickey for deploy from 10.0.0.23
Sep 30 08:41:09 host1 sshd[1023]: DEBUG Started session 24 of user app
Sep 30 08:41:12 host1 systemd[1024]: INFO Connection reset by peer
Sep 30 08:41:15 host1 nginx[1025]: WARN Reloading configuration
Sep 30 08:41:18 host1 cron[1026]: ERROR Health check ok latency=27ms
Sep 30 08:41:21 host1 NetworkManager[1027]: DEBUG Disk usage on /var at 28%
Sep 30 08:41:24 host1 kernel[1028]: INFO Accepted publickey for deploy from 10.0.0.29
Sep 30 08:41:27 host1 sshd[1029]: WARN Started session 30 of user app
Sep 30 08:41:30 host1 systemd[1030]: ERROR Connection reset by peer
Sep 30 08:41:33 host1 nginx[1031]: DEBUG Reloading configuration
Sep 30 08:41:36 host1 cron[1032]: INFO Health check ok latency=33ms
Sep 30 08:41:39 host1 NetworkManager[1033]: WARN Disk usage on /var at 34%
Sep 30 08:41:42 host1 kernel[1034]: ERROR Accepted publickey for deploy from 10.0.0.35
Sep 30 08:41:45 host1 sshd[1035]: DEBUG Started session 36 of user app
Sep 30 08:41:48 host1 systemd[1036]: INFO Connection reset by peer
Sep 30 08:41:51 host1 nginx[1037]: WARN Reloading configuration
Sep 30 08:41:54 host1 cron[1038]: ERROR Health check ok latency=39ms
Sep 30 08:41:57 host1 NetworkManager[1039]: DEBUG Disk usage on /var at 40%
Sep 30 08:42:00 host1 kernel[1040]: INFO Accepted publickey for deploy from 10.0.0.41
Sep 30 08:42:03 host1 sshd[1041]: WARN Started session 42 of user app
Sep 30 08:42:06 host1 systemd[1042]: ERROR Connection reset by peer
Sep 30 08:42:09 host1 nginx[1043]: DEBUG Reloading configuration
Sep 30 08:42:12 host1 cron[1044]: INFO Health check ok latency=45ms
Sep 30 08:42:15 host1 NetworkManager[1045]: WARN Disk usage on /var at 46%
Sep 30 08:42:18 host1 kernel[1046]: ERROR Accepted publickey for deploy from 10.0.0.47
Sep 30 08:42:21 host1 sshd[1047]: DEBUG Started session 48 of user app
Sep 30 08:42:24 host1 systemd[1048]: INFO Connection reset by peer
Sep 30 08:42:27 host1 nginx[1049]: WARN Reloading configuration
Sep 30 08:42:30 host1 cron[1000]: ERROR Health check ok latency=51ms
Sep 30 08:42:33 host1 NetworkManager[1001]: DEBUG Disk usage on /var at 52%
Sep 30 08:42:36 host1 kernel[1002]: INFO Accepted publickey for deploy from 10.0.0.53
Sep 30 08:42:39 host1 sshd[1003]: WARN Started session 54 of user app
Sep 30 08:42:42 host1 systemd[1004]: ERROR Connection reset by peer
Sep 30 08:42:45 host1 nginx[1005]: DEBUG Reloading configuration
Sep 30 08:42:48 host1 cron[1006]: INFO Health check ok latency=57ms
Sep 30 08:42:51 host1 NetworkManager[1007]: WARN Disk usage on /var at 58%
Sep 30 08:42:54 host1 kernel[1008]: ERROR Accepted publickey for deploy from 10.0.0.59
Sep 30 08:42:57 host1 sshd[1009]: DEBUG Started session 60 of user app
Sep 30 08:43:00 host1 systemd[1010]: INFO Connection reset by peer
Sep 30 08:43:03 host1 nginx[1011]: WARN Reloading configuration
Sep 30 08:43:06 host1 cron[1012]: ERROR Health check ok latency=63ms
Sep 30 08:43:09 host1 NetworkManager[1013]: DEBUG Disk usage on /var at 64%
Sep 30 08:43:12 host1 kernel[1014]: INFO Accepted publickey for deploy from 10.0.0.65
Sep 30 08:43:15 host1 sshd[1015]: WARN Started session 66 of user app
Sep 30 08:43:18 host1 systemd[1016]: ERROR Connection reset by peer
Sep 30 08:43:21 host1 nginx[1017]: DEBUG Reloading configuration
Sep 30 08:43:24 host1 cron[1018]: INFO Health check ok latency=69ms
Sep 30 08:43:27 host1 NetworkManager[1019]: WARN Disk usage on /var at 70%
Sep 30 08:43:30 host1 kernel[1020]: ERROR Accepted publickey for deploy from 10.0.0.71
Sep 30 08:43:33 host1 sshd[1021]: DEBUG Started session 72 of user app
Sep 30 08:43:36 host1 systemd[1022]: INFO Connection reset by peer
Sep 30 08:43:39 host1 nginx[1023]: WARN Reloading configuration
Sep 30 08:43:42 host1 cron[1024]: ERROR Health check ok latency=75ms
Sep 30 08:43:45 host1 NetworkManager[1025]: DEBUG Disk usage on /var at 76%
Sep 30 08:43:48 host1 kernel[1026]: INFO Accepted publickey for deploy from 10.0.0.77
Sep 30 08:43:51 host1 sshd[1027]: WARN Started session 78 of user app
Sep 30 08:43:54 host1 systemd[1028]: ERROR Connection reset by peer
Sep 30 08:43:57 host1 nginx[1029]: DEBUG Reloading configuration
Sep 30 08:44:00 host1 cron[1030]: INFO Health check ok latency=81ms
Sep 30 08:44:03 host1 NetworkManager[1031]: WARN Disk usage on /var at 82%
Sep 30 08:44:06 host1 kernel[1032]: ERROR Accepted publickey for deploy from 10.0.0.83
Sep 30 08:44:09 host1 sshd[1033]: DEBUG Started session 84 of user app
Sep 30 08:44:12 host1 systemd[1034]: INFO Connection reset by peer
Sep 30 08:44:15 host1 nginx[1035]: WARN Reloading configuration
Sep 30 08:44:18 host1 cron[1036]: ERROR Health check ok latency=87ms
Sep 30 08:44:21 host1 NetworkManager[1037]: DEBUG Disk usage on /var at 88%
Sep 30 08:44:24 host1 kernel[1038]: INFO Accepted publickey for deploy from 10.0.0.89
Sep 30 08:44:27 host1 sshd[1039]: WARN Started session 90 of user app
Sep 30 08:44:30 host1 systemd[1040]: ERROR Connection reset by peer
Sep 30 08:44:33 host1 nginx[1041]: DEBUG Reloading configuration
Sep 30 08:44:36 host1 cron[1042]: INFO Health check ok latency=93ms
Sep 30 08:44:39 host1 NetworkManager[1043]: WARN Disk usage on /var at 94%
Sep 30 08:44:42 host1 kernel[1044]: ERROR Accepted publickey for deploy from 10.0.0.95
Sep 30 08:44:45 host1 sshd[1045]: DEBUG Started session 96 of user app
Sep 30 08:44:48 host1 systemd[1046]: INFO Connection reset by peer
Sep 30 08:44:51 host1 nginx[1047]: WARN Reloading configuration
Sep 30 08:44:54 host1 cron[1048]: ERROR Health check ok latency=99ms
Sep 30 08:44:57 host1 NetworkManager[1049]: DEBUG Disk usage on /var at 100%
Sep 30 08:45:00 host1 kernel[1000]: INFO Accepted publickey for deploy from 10.0.0.101
Sep 30 08:45:03 host1 sshd[1001]: WARN Started session 102 of user app
Sep 30 08:45:06 host1 systemd[1002]: ERROR Connection reset by peer
Sep 30 08:45:09 host1 nginx[1003]: DEBUG Reloading configuration
Sep 30 08:45:12 host1 cron[1004]: INFO Health check ok latency=105ms
Sep 30 08:45:15 host1 NetworkManager[1005]: WARN Disk usage on /var at 106%
Sep 30 08:45:18 host1 kernel[1006]: ERROR Accepted publickey for deploy from 10.0.0.107
Sep 30 08:45:21 host1 sshd[1007]: DEBUG Started session 108 of user app
Sep 30 08:45:24 host1 systemd[1008]: INFO Connection reset by peer
Sep 30 08:45:27 host1 nginx[1009]: WARN Reloading configuration
Sep 30 08:45:30 host1 cron[1010]: ERROR Health check ok latency=111ms
Sep 30 08:45:33 host1 NetworkManager[1011]: DEBUG Disk usage on /var at 112%
Sep 30 08:45:36 host1 kernel[1012]: INFO Accepted publickey for deploy from 10.0.0.113
Sep 30 08:45:39 host1 sshd[1013]: WARN Started session 114 of user app
Sep 30 08:45:42 host1 systemd[1014]: ERROR Connection reset by peer
Sep 30 08:45:45 host1 nginx[1015]: DEBUG Reloading configuration
Sep 30 08:45:48 host1 cron[1016]: INFO Health check ok latency=117ms
Sep 30 08:45:51 host1 NetworkManager[1017]: WARN Disk usage on /var at 118%
Sep 30 08:45:54 host1 kernel[1018]: ERROR Accepted publickey for deploy from 10.0.0.119
Sep 30 08:45:57 host1 sshd[1019]: DEBUG Started session 120 of user app
Sep 30 08:46:00 host1 systemd[1020]: INFO Connection reset by peer
Sep 30 08:46:03 host1 nginx[1021]: WARN Reloading configuration
Sep 30 08:46:06 host1 cron[1022]: ERROR Health check ok latency=123ms
Sep 30 08:46:09 host1 NetworkManager[1023]: DEBUG Disk usage on /var at 124%
Sep 30 08:46:12 host1 kernel[1024]: INFO Accepted publickey for deploy from 10.0.0.125
Sep 30 08:46:15 host1 sshd[1025]: WARN Started session 126 of user app
Sep 30 08:46:18 host1 systemd[1026]: ERROR Connection reset by peer
Sep 30 08:46:21 host1 nginx[1027]: DEBUG Reloading configuration
Sep 30 08:46:24 host1 cron[1028]: INFO Health check ok latency=129ms
Sep 30 08:46:27 host1 NetworkManager[1029]: WARN Disk usage on /var at 130%
Sep 30 08:46:30 host1 kernel[1030]: ERROR Accepted publickey for deploy from 10.0.0.131
Sep 30 08:46:33 host1 sshd[1031]: DEBUG Started session 132 of user app
Sep 30 08:46:36 host1 systemd[1032]: INFO Connection reset by peer
Sep 30 08:46:39 host1 nginx[1033]: WARN Reloading configuration
Sep 30 08:46:42 host1 cron[1034]: ERROR Health check ok latency=135ms
Sep 30 08:46:45 host1 NetworkManager[1035]: DEBUG Disk usage on /var at 136%
Sep 30 08:46:48 host1 kernel[1036]: INFO Accepted publickey for deploy from 10.0.0.137
Sep 30 08:46:51 host1 sshd[1037]: WARN Started session 138 of user app
Sep 30 08:46:54 host1 systemd[1038]: ERROR Connection reset by peer
Sep 30 08:46:57 host1 nginx[1039]: DEBUG Reloading configuration
Sep 30 08:47:00 host1 cron[1040]: INFO Health check ok latency=141ms
Sep 30 08:47:03 host1 NetworkManager[1041]: WARN Disk usage on /var at 142%
Sep 30 08:47:06 host1 kernel[1042]: ERROR Accepted publickey for deploy from 10.0.0.143
Sep 30 08:47:09 host1 sshd[1043]: DEBUG Started session 144 of user app
Sep 30 08:47:12 host1 systemd[1044]: INFO Connection reset by peer
Sep 30 08:47:15 host1 nginx[1045]: WARN Reloading configuration
Sep 30 08:47:18 host1 cron[1046]: ERROR Health check ok latency=147ms
Sep 30 08:47:21 host1 NetworkManager[1047]: DEBUG Disk usage on /var at 148%
Sep 30 08:47:24 host1 kernel[1048]: INFO Accepted publickey for deploy from 10.0.0.149
Sep 30 08:47:27 host1 sshd[1049]: WARN Started session 150 of user app
Sep 30 08:47:30 host1 systemd[1000]: ERROR Connection reset by peer
Sep 30 08:47:33 host1 nginx[1001]: DEBUG Reloading configuration
Sep 30 08:47:36 host1 cron[1002]: INFO Health check ok latency=153ms
Sep 30 08:47:39 host1 NetworkManager[1003]: WARN Disk usage on /var at 154%
Sep 30 08:47:42 host1 kernel[1004]: ERROR Accepted publickey for deploy from 10.0.0.155
Sep 30 08:47:45 host1 sshd[1005]: DEBUG Started session 156 of user app
Sep 30 08:47:48 host1 systemd[1006]: INFO Connection reset by peer
Sep 30 08:47:51 host1 nginx[1007]: WARN Reloading configuration
Sep 30 08:47:54 host1 cron[1008]: ERROR Health check ok latency=159ms
Sep 30 08:47:57 host1 NetworkManager[1009]: DEBUG Disk usage on /var at 160%
Sep 30 08:48:00 host1 kernel[1010]: INFO Accepted publickey for deploy from 10.0.0.161
Sep 30 08:48:03 host1 sshd[1011]: WARN Started session 162 of user app
Sep 30 08:48:06 host1 systemd[1012]: ERROR Connection reset by peer
Sep 30 08:48:09 host1 nginx[1013]: DEBUG Reloading configuration
Sep 30 08:48:12 host1 cron[1014]: INFO Health check ok latency=165ms
Sep 30 08:48:15 host1 NetworkManager[1015]: WARN Disk usage on /var at 166%
Sep 30 08:48:18 host1 kernel[1016]: ERROR Accepted publickey for deploy from 10.0.0.167
Sep 30 08:48:21 host1 sshd[1017]: DEBUG Started session 168 of user app
Sep 30 08:48:24 host1 systemd[1018]: INFO Connection reset by peer
Sep 30 08:48:27 host1 nginx[1019]: WARN Reloading configuration
Sep 30 08:48:30 host1 cron[1020]: ERROR Health check ok latency=171ms
Sep 30 08:48:33 host1 NetworkManager[1021]: DEBUG Disk usage on /var at 172%
Sep 30 08:48:36 host1 kernel[1022]: INFO Accepted publickey for deploy from 10.0.0.173
Sep 30 08:48:39 host1 sshd[1023]: WARN Started session 174 of user app
Sep 30 08:48:42 host1 systemd[1024]: ERROR Connection reset by peer
Sep 30 08:48:45 host1 nginx[1025]: DEBUG Reloading configuration
Sep 30 08:48:48 host1 cron[1026]: INFO Health check ok latency=177ms
Sep 30 08:48:51 host1 NetworkManager[1027]: WARN Disk usage on /var at 178%
Sep 30 08:48:54 host1 kernel[1028]: ERROR Accepted publickey for deploy from 10.0.0.179
Sep 30 08:48:57 host1 sshd[1029]: DEBUG Started session 180 of user app
Sep 30 08:49:00 host1 systemd[1030]: INFO Connection reset by peer
Sep 30 08:49:03 host1 nginx[1031]: WARN Reloading configuration
Sep 30 08:49:06 host1 cron[1032]: ERROR Health check ok latency=183ms
Sep 30 08:49:09 host1 NetworkManager[1033]: DEBUG Disk usage on /var at 184%
Sep 30 08:49:12 host1 kernel[1034]: INFO Accepted publickey for deploy from 10.0.0.185
Sep 30 08:49:15 host1 sshd[1035]: WARN Started session 186 of user app
Sep 30 08:49:18 host1 systemd[1036]: ERROR Connection reset by peer
Sep 30 08:49:21 host1 nginx[1037]: DEBUG Reloading configuration
Sep 30 08:49:24 host1 cron[1038]: INFO Health check ok latency=189ms
Sep 30 08:49:27 host1 NetworkManager[1039]: WARN Disk usage on /var at 190%
Sep 30 08:49:30 host1 kernel[1040]: ERROR Accepted publickey for deploy from 10.0.0.191
Sep 30 08:49:33 host1 sshd[1041]: DEBUG Started session 192 of user app
Sep 30 08:49:36 host1 systemd[1042]: INFO Connection reset by peer
Sep 30 08:49:39 host1 nginx[1043]: WARN Reloading configuration
Sep 30 08:49:42 host1 cron[1044]: ERROR Health check ok latency=195ms
Sep 30 08:49:45 host1 NetworkManager[1045]: DEBUG Disk usage on /var at 196%
Sep 30 08:49:48 host1 kernel[1046]: INFO Accepted publickey for deploy from 10.0.0.197
Sep 30 08:49:51 host1 sshd[1047]: WARN Started session 198 of user app
Sep 30 08:49:54 host1 systemd[1048]: ERROR Connection reset by peer
Sep 30 08:49:57 host1 nginx[1049]: DEBUG Reloading configuration
Sep 30 08:50:00 host1 cron[1000]: INFO Health check ok latency=1ms
Sep 30 08:50:03 host1 NetworkManager[1001]: WARN Disk usage on /var at 2%
Sep 30 08:50:06 host1 kernel[1002]: ERROR Accepted publickey for deploy from 10.0.0.3
Sep 30 08:50:09 host1 sshd[1003]: DEBUG Started session 4 of user app
Sep 30 08:50:12 host1 systemd[1004]: INFO Connection reset by peer
Sep 30 08:50:15 host1 nginx[1005]: WARN Reloading configuration
Sep 30 08:50:18 host1 cron[1006]: ERROR Health check ok latency=7ms
Sep 30 08:50:21 host1 NetworkManager[1007]: DEBUG Disk usage on /var at 8%
Sep 30 08:50:24 host1 kernel[1008]: INFO Accepted publickey for deploy from 10.0.0.9
Sep 30 08:50:27 host1 sshd[1009]: WARN Started session 10 of user app
Sep 30 08:50:30 host1 systemd[1010]: ERROR Connection reset by peer
Sep 30 08:50:33 host1 nginx[1011]: DEBUG Reloading configuration
Sep 30 08:50:36 host1 cron[1012]: INFO Health check ok latency=13ms
Sep 30 08:50:39 host1 NetworkManager[1013]: WARN Disk usage on /var at 14%
Sep 30 08:50:42 host1 kernel[1014]: ERROR Accepted publickey for deploy from 10.0.0.15
Sep 30 08:50:45 host1 sshd[1015]: DEBUG Started session 16 of user app
Sep 30 08:50:48 host1 systemd[1016]: INFO Connection reset by peer
Sep 30 08:50:51 host1 nginx[1017]: WARN Reloading configuration
Sep 30 08:50:54 host1 cron[1018]: ERROR Health check ok latency=19ms
Sep 30 08:50:57 host1 NetworkManager[1019]: DEBUG Disk usage on /var at 20%
Sep 30 08:51:00 host1 kernel[1020]: INFO Accepted publickey for deploy from 10.0.0.21
Sep 30 08:51:03 host1 sshd[1021]: WARN Started session 22 of user app
Sep 30 08:51:06 host1 systemd[1022]: ERROR Connection reset by peer
Sep 30 08:51:09 host1 nginx[1023]: DEBUG Reloading configuration
Sep 30 08:51:12 host1 cron[1024]: INFO Health check ok latency=25ms
Sep 30 08:51:15 host1 NetworkManager[1025]: WARN Disk usage on /var at 26%
Sep 30 08:51:18 host1 kernel[1026]: ERROR Accepted publickey for deploy from 10.0.0.27
Sep 30 08:51:21 host1 sshd[1027]: DEBUG Started session 28 of user app
Sep 30 08:51:24 host1 systemd[1028]: INFO Connection reset by peer
Sep 30 08:51:27 host1 nginx[1029]: WARN Reloading configuration
Sep 30 08:51:30 host1 cron[1030]: ERROR Health check ok latency=31ms
Sep 30 08:51:33 host1 NetworkManager[1031]: DEBUG Disk usage on /var at 32%
Sep 30 08:51:36 host1 kernel[1032]: INFO Accepted publickey for deploy from 10.0.0.33
Sep 30 08:51:39 host1 sshd[1033]: WARN Started session 34 of user app
Sep 30 08:51:42 host1 systemd[1034]: ERROR Connection reset by peer
Sep 30 08:51:45 host1 nginx[1035]: DEBUG Reloading configuration
Sep 30 08:51:48 host1 cron[1036]: INFO Health check ok latency=37ms
Sep 30 08:51:51 host1 NetworkManager[1037]: WARN Disk usage on /var at 38%
Sep 30 08:51:54 host1 kernel[1038]: ERROR Accepted publickey for deploy from 10.0.0.39
Sep 30 08:51:57 host1 sshd[1039]: DEBUG Started session 40 of user app
Sep 30 08:52:00 host1 systemd[1040]: INFO Connection reset by peer
Sep 30 08:52:03 host1 nginx[1041]: WARN Reloading configuration
Sep 30 08:52:06 host1 cron[1042]: ERROR Health check ok latency=43ms
Sep 30 08:52:09 host1 NetworkManager[1043]: DEBUG Disk usage on /var at 44%
Sep 30 08:52:12 host1 kernel[1044]: INFO Accepted publickey for deploy from 10.0.0.45
Sep 30 08:52:15 host1 sshd[1045]: WARN Started session 46 of user app
Sep 30 08:52:18 host1 systemd[1046]: ERROR Connection reset by peer
Sep 30 08:52:21 host1 nginx[1047]: DEBUG Reloading configuration
Sep 30 08:52:24 host1 cron[1048]: INFO Health check ok latency=49ms
Sep 30 08:52:27 host1 NetworkManager[1049]: WARN Disk usage on /var at 50%
Sep 30 08:52:30 host1 kernel[1000]: ERROR Accepted publickey for deploy from 10.0.0.51
Sep 30 08:52:33 host1 sshd[1001]: DEBUG Started session 52 of user app
Sep 30 08:52:36 host1 systemd[1002]: INFO Connection reset by peer
Sep 30 08:52:39 host1 nginx[1003]: WARN Reloading configuration
Sep 30 08:52:42 host1 cron[1004]: ERROR Health check ok latency=55ms
Sep 30 08:52:45 host1 NetworkManager[1005]: DEBUG Disk usage on /var at 56%
Sep 30 08:52:48 host1 kernel[1006]: INFO Accepted publickey for deploy from 10.0.0.57
Sep 30 08:52:51 host1 sshd[1007]: WARN Started session 58 of user app
Sep 30 08:52:54 host1 systemd[1008]: ERROR Connection reset by peer
Sep 30 08:52:57 host1 nginx[1009]: DEBUG Reloading configuration
Sep 30 08:53:00 host1 cron[1010]: INFO Health check ok latency=61ms
Sep 30 08:53:03 host1 NetworkManager[1011]: WARN Disk usage on /var at 62%
Sep 30 08:53:06 host1 kernel[1012]: ERROR Accepted publickey for deploy from 10.0.0.63
Sep 30 08:53:09 host1 sshd[1013]: DEBUG Started session 64 of user app
Sep 30 08:53:12 host1 systemd[1014]: INFO Connection reset by peer
Sep 30 08:53:15 host1 nginx[1015]: WARN Reloading configuration
Sep 30 08:53:18 host1 cron[1016]: ERROR Health check ok latency=67ms
Sep 30 08:53:21 host1 NetworkManager[1017]: DEBUG Disk usage on /var at 68%
Sep 30 08:53:24 host1 kernel[1018]: INFO Accepted publickey for deploy from 10.0.0.69
Sep 30 08:53:27 host1 sshd[1019]: WARN Started session 70 of user app
Sep 30 08:53:30 host1 systemd[1020]: ERROR Connection reset by peer
Sep 30 08:53:33 host1 nginx[1021]: DEBUG Reloading configuration
Sep 30 08:53:36 host1 cron[1022]: INFO Health check ok latency=73ms
Sep 30 08:53:39 host1 NetworkManager[1023]: WARN Disk usage on /var at 74%
Sep 30 08:53:42 host1 kernel[1024]: ERROR Accepted publickey for deploy from 10.0.0.75
Sep 30 08:53:45 host1 sshd[1025]: DEBUG Started session 76 of user app
Sep 30 08:53:48 host1 systemd[1026]: INFO Connection reset by peer
Sep 30 08:53:51 host1 nginx[1027]: WARN Reloading configuration
Sep 30 08:53:54 host1 cron[1028]: ERROR Health check ok latency=79ms
Sep 30 08:53:57 host1 NetworkManager[1029]: DEBUG Disk usage on /var at 80%
Sep 30 08:54:00 host1 kernel[1030]: INFO Accepted publickey for deploy from 10.0.0.81
Sep 30 08:54:03 host1 sshd[1031]: WARN Started session 82 of user app
Sep 30 08:54:06 host1 systemd[1032]: ERROR Connection reset by peer
Sep 30 08:54:09 host1 nginx[1033]: DEBUG Reloading configuration
Sep 30 08:54:12 host1 cron[1034]: INFO Health check ok latency=85ms
Sep 30 08:54:15 host1 NetworkManager[1035]: WARN Disk usage on /var at 86%
Sep 30 08:54:18 host1 kernel[1036]: ERROR Accepted publickey for deploy from 10.0.0.87
Sep 30 08:54:21 host1 sshd[1037]: DEBUG Started session 88 of user app
Sep 30 08:54:24 host1 systemd[1038]: INFO Connection reset by peer
Sep 30 08:54:27 host1 nginx[1039]: WARN Reloading configuration
Sep 30 08:54:30 host1 cron[1040]: ERROR Health check ok latency=91ms
Sep 30 08:54:33 host1 NetworkManager[1041]: DEBUG Disk usage on /var at 92%
Sep 30 08:54:36 host1 kernel[1042]: INFO Accepted publickey for deploy from 10.0.0.93
Sep 30 08:54:39 host1 sshd[1043]: WARN Started session 94 of user app
Sep 30 08:54:42 host1 systemd[1044]: ERROR Connection reset by peer
Sep 30 08:54:45 host1 nginx[1045]: DEBUG Reloading configuration
Sep 30 08:54:48 host1 cron[1046]: INFO Health check ok latency=97ms
Sep 30 08:54:51 host1 NetworkManager[1047]: WARN Disk usage on /var at 98%
Sep 30 08:54:54 host1 kernel[1048]: ERROR Accepted publickey for deploy from 10.0.0.99
Sep 30 08:54:57 host1 sshd[1049]: DEBUG Started session 100 of user app
Sep 30 08:55:00 host1 systemd[1000]: INFO Connection reset by peer
Sep 30 08:55:03 host1 nginx[1001]: WARN Reloading configuration
Sep 30 08:55:06 host1 cron[1002]: ERROR Health check ok latency=103ms
Sep 30 08:55:09 host1 NetworkManager[1003]: DEBUG Disk usage on /var at 104%
Sep 30 08:55:12 host1 kernel[1004]: INFO Accepted publickey for deploy from 10.0.0.105
Sep 30 08:55:15 host1 sshd[1005]: WARN Started session 106 of user app
Sep 30 08:55:18 host1 systemd[1006]: ERROR Connection reset by peer
Sep 30 08:55:21 host1 nginx[1007]: DEBUG Reloading configuration
Sep 30 08:55:24 host1 cron[1008]: INFO Health check ok latency=109ms
Sep 30 08:55:27 host1 NetworkManager[1009]: WARN Disk usage on /var at 110%
Sep 30 08:55:30 host1 kernel[1010]: ERROR Accepted publickey for deploy from 10.0.0.111
Sep 30 08:55:33 host1 sshd[1011]: DEBUG Started session 112 of user app
Sep 30 08:55:36 host1 systemd[1012]: INFO Connection reset by peer
Sep 30 08:55:39 host1 nginx[1013]: WARN Reloading configuration
Sep 30 08:55:42 host1 cron[1014]: ERROR Health check ok latency=115ms
Sep 30 08:55:45 host1 NetworkManager[1015]: DEBUG Disk usage on /var at 116%
Sep 30 08:55:48 host1 kernel[1016]: INFO Accepted publickey for deploy from 10.0.0.117
Sep 30 08:55:51 host1 sshd[1017]: WARN Started session 118 of user app
Sep 30 08:55:54 host1 systemd[1018]: ERROR Connection reset by peer
Sep 30 08:55:57 host1 nginx[1019]: DEBUG Reloading configuration
Sep 30 08:56:00 host1 cron[1020]: INFO Health check ok latency=121ms
Sep 30 08:56:03 host1 NetworkManager[1021]: WARN Disk usage on /var at 122%
Sep 30 08:56:06 host1 kernel[1022]: ERROR Accepted publickey for deploy from 10.0.0.123
Sep 30 08:56:09 host1 sshd[1023]: DEBUG Started session 124 of user app
Sep 30 08:56:12 host1 systemd[1024]: INFO Connection reset by peer
Sep 30 08:56:15 host1 nginx[1025]: WARN Reloading configuration
Sep 30 08:56:18 host1 cron[1026]: ERROR Health check ok latency=127ms
Sep 30 08:56:21 host1 NetworkManager[1027]: DEBUG Disk usage on /var at 128%
Sep 30 08:56:24 host1 kernel[1028]: INFO Accepted publickey for deploy from 10.0.0.129
Sep 30 08:56:27 host1 sshd[1029]: WARN Started session 130 of user app
Sep 30 08:56:30 host1 systemd[1030]: ERROR Connection reset by peer
Sep 30 08:56:33 host1 nginx[1031]: DEBUG Reloading configuration
Sep 30 08:56:36 host1 cron[1032]: INFO Health check ok latency=133ms
Sep 30 08:56:39 host1 NetworkManager[1033]: WARN Disk usage on /var at 134%
Sep 30 08:56:42 host1 kernel[1034]: ERROR Accepted publickey for deploy from 10.0.0.135
Sep 30 08:56:45 host1 sshd[1035]: DEBUG Started session 136 of user app
Sep 30 08:56:48 host1 systemd[1036]: INFO Connection reset by peer
Sep 30 08:56:51 host1 nginx[1037]: WARN Reloading configuration
Sep 30 08:56:54 host1 cron[1038]: ERROR Health check ok latency=139ms
Sep 30 08:56:57 host1 NetworkManager[1039]: DEBUG Disk usage on /var at 140%
Sep 30 08:57:00 host1 kernel[1040]: INFO Accepted publickey for deploy from 10.0.0.141
Sep 30 08:57:03 host1 sshd[1041]: WARN Started session 142 of user app
Sep 30 08:57:06 host1 systemd[1042]: ERROR Connection reset by peer
Sep 30 08:57:09 host1 nginx[1043]: DEBUG Reloading configuration
Sep 30 08:57:12 host1 cron[1044]: INFO Health check ok latency=145ms
Sep 30 08:57:15 host1 NetworkManager[1045]: WARN Disk usage on /var at 146%
Sep 30 08:57:18 host1 kernel[1046]: ERROR Accepted publickey for deploy from 10.0.0.147
Sep 30 08:57:21 host1 sshd[1047]: DEBUG Started session 148 of user app
Sep 30 08:57:24 host1 systemd[1048]: INFO Connection reset by peer
Sep 30 08:57:27 host1 nginx[1049]: WARN Reloading configuration
Sep 30 08:57:30 host1 cron[1000]: ERROR Health check ok latency=151ms
Sep 30 08:57:33 host1 NetworkManager[1001]: DEBUG Disk usage on /var at 152%
Sep 30 08:57:36 host1 kernel[1002]: INFO Accepted publickey for deploy from 10.0.0.153
Sep 30 08:57:39 host1 sshd[1003]: WARN Started session 154 of user app
Sep 30 08:57:42 host1 systemd[1004]: ERROR Connection reset by peer
Sep 30 08:57:45 host1 nginx[1005]: DEBUG Reloading configuration
Sep 30 08:57:48 host1 cron[1006]: INFO Health check ok latency=157ms
Sep 30 08:57:51 host1 NetworkManager[1007]: WARN Disk usage on /var at 158%
Sep 30 08:57:54 host1 kernel[1008]: ERROR Accepted publickey for deploy from 10.0.0.159
Sep 30 08:57:57 host1 sshd[1009]: DEBUG Started session 160 of user app
Sep 30 08:58:00 host1 systemd[1010]: INFO Connection reset by peer
Sep 30 08:58:03 host1 nginx[1011]: WARN Reloading configuration
Sep 30 08:58:06 host1 cron[1012]: ERROR Health check ok latency=163ms
Sep 30 08:58:09 host1 NetworkManager[1013]: DEBUG Disk usage on /var at 164%
Sep 30 08:58:12 host1 kernel[1014]: INFO Accepted publickey for deploy from 10.0.0.165
Sep 30 08:58:15 host1 sshd[1015]: WARN Started session 166 of user app
Sep 30 08:58:18 host1 systemd[1016]: ERROR Connection reset by peer
Sep 30 08:58:21 host1 nginx[1017]: DEBUG Reloading configuration
Sep 30 08:58:24 host1 cron[1018]: INFO Health check ok latency=169ms
Sep 30 08:58:27 host1 NetworkManager[1019]: WARN Disk usage on /var at 170%
Sep 30 08:58:30 host1 kernel[1020]: ERROR Accepted publickey for deploy from 10.0.0.171
Sep 30 08:58:33 host1 sshd[1021]: DEBUG Started session 172 of user app
Sep 30 08:58:36 host1 systemd[1022]: INFO Connection reset by peer
Sep 30 08:58:39 host1 nginx[1023]: WARN Reloading configuration
Sep 30 08:58:42 host1 cron[1024]: ERROR Health check ok latency=175ms
Sep 30 08:58:45 host1 NetworkManager[1025]: DEBUG Disk usage on /var at 176%
Sep 30 08:58:48 host1 kernel[1026]: INFO Accepted publickey for deploy from 10.0.0.177
Sep 30 08:58:51 host1 sshd[1027]: WARN Started session 178 of user app
Sep 30 08:58:54 host1 systemd[1028]: ERROR Connection reset by peer
Sep 30 08:58:57 host1 nginx[1029]: DEBUG Reloading configuration
Sep 30 08:59:00 host1 cron[1030]: INFO Health check ok latency=181ms
Sep 30 08:59:03 host1 NetworkManager[1031]: WARN Disk usage on /var at 182%
Sep 30 08:59:06 host1 kernel[1032]: ERROR Accepted publickey for deploy from 10.0.0.183
Sep 30 08:59:09 host1 sshd[1033]: DEBUG Started session 184 of user app
Sep 30 08:59:12 host1 systemd[1034]: INFO Connection reset by peer
Sep 30 08:59:15 host1 nginx[1035]: WARN Reloading configuration
Sep 30 08:59:18 host1 cron[1036]: ERROR Health check ok latency=187ms
Sep 30 08:59:21 host1 NetworkManager[1037]: DEBUG Disk usage on /var at 188%
Sep 30 08:59:24 host1 kernel[1038]: INFO Accepted publickey for deploy from 10.0.0.189
Sep 30 08:59:27 host1 sshd[1039]: WARN Started session 190 of user app
Sep 30 08:59:30 host1 systemd[1040]: ERROR Connection reset by peer
Sep 30 08:59:33 host1 nginx[1041]: DEBUG Reloading configuration
Sep 30 08:59:36 host1 cron[1042]: INFO Health check ok latency=193ms
Sep 30 08:59:39 host1 NetworkManager[1043]: WARN Disk usage on /var at 194%
Sep 30 08:59:42 host1 kernel[1044]: ERROR Accepted publickey for deploy from 10.0.0.195
Sep 30 08:59:45 host1 sshd[1045]: DEBUG Started session 196 of user app
Sep 30 08:59:48 host1 systemd[1046]: INFO Connection reset by peer
Sep 30 08:59:51 host1 nginx[1047]: WARN Reloading configuration
Sep 30 08:59:54 host1 cron[1048]: ERROR Health check ok latency=199ms
Sep 30 08:59:57 host1 NetworkManager[1049]: DEBUG Disk usage on /var at 200%
Sep 30 09:00:00 host1 kernel[1000]: INFO Accepted publickey for deploy from 10.0.0.1
Sep 30 09:00:03 host1 sshd[1001]: WARN Started session 2 of user app
Sep 30 09:00:06 host1 systemd[1002]: ERROR Connection reset by peer
Sep 30 09:00:09 host1 nginx[1003]: DEBUG Reloading configuration
Sep 30 09:00:12 host1 cron[1004]: INFO Health check ok latency=5ms
Sep 30 09:00:15 host1 NetworkManager[1005]: WARN Disk usage on /var at 6%
Sep 30 09:00:18 host1 kernel[1006]: ERROR Accepted publickey for deploy from 10.0.0.7
Sep 30 09:00:21 host1 sshd[1007]: DEBUG Started session 8 of user app
Sep 30 09:00:24 host1 systemd[1008]: INFO Connection reset by peer
Sep 30 09:00:27 host1 nginx[1009]: WARN Reloading configuration
Sep 30 09:00:30 host1 cron[1010]: ERROR Health check ok latency=11ms
Sep 30 09:00:33 host1 NetworkManager[1011]: DEBUG Disk usage on /var at 12%
Sep 30 09:00:36 host1 kernel[1012]: INFO Accepted publickey for deploy from 10.0.0.13
Sep 30 09:00:39 host1 sshd[1013]: WARN Started session 14 of user app
Sep 30 09:00:42 host1 systemd[1014]: ERROR Connection reset by peer
Sep 30 09:00:45 host1 nginx[1015]: DEBUG Reloading configuration
Sep 30 09:00:48 host1 cron[1016]: INFO Health check ok latency=17ms
Sep 30 09:00:51 host1 NetworkManager[1017]: WARN Disk usage on /var at 18%
Sep 30 09:00:54 host1 kernel[1018]: ERROR Accepted publickey for deploy from 10.0.0.19
Sep 30 09:00:57 host1 sshd[1019]: DEBUG Started session 20 of user app
Sep 30 09:01:00 host1 systemd[1020]: INFO Connection reset by peer
Sep 30 09:01:03 host1 nginx[1021]: WARN Reloading configuration
Sep 30 09:01:06 host1 cron[1022]: ERROR Health check ok latency=23ms
Sep 30 09:01:09 host1 NetworkManager[1023]: DEBUG Disk usage on /var at 24%
Sep 30 09:01:12 host1 kernel[1024]: INFO Accepted publickey for deploy from 10.0.0.25
Sep 30 09:01:15 host1 sshd[1025]: WARN Started session 26 of user app
Sep 30 09:01:18 host1 systemd[1026]: ERROR Connection reset by peer
Sep 30 09:01:21 host1 nginx[1027]: DEBUG Reloading configuration
Sep 30 09:01:24 host1 cron[1028]: INFO Health check ok latency=29ms
Sep 30 09:01:27 host1 NetworkManager[1029]: WARN Disk usage on /var at 30%
Sep 30 09:01:30 host1 kernel[1030]: ERROR Accepted publickey for deploy from 10.0.0.31
Sep 30 09:01:33 host1 sshd[1031]: DEBUG Started session 32 of user app
Sep 30 09:01:36 host1 systemd[1032]: INFO Connection reset by peer
Sep 30 09:01:39 host1 nginx[1033]: WARN Reloading configuration
Sep 30 09:01:42 host1 cron[1034]: ERROR Health check ok latency=35ms
Sep 30 09:01:45 host1 NetworkManager[1035]: DEBUG Disk usage on /var at 36%
Sep 30 09:01:48 host1 kernel[1036]: INFO Accepted publickey for deploy from 10.0.0.37
Sep 30 09:01:51 host1 sshd[1037]: WARN Started session 38 of user app
Sep 30 09:01:54 host1 systemd[1038]: ERROR Connection reset by peer
Sep 30 09:01:57 host1 nginx[1039]: DEBUG Reloading configuration
Sep 30 09:02:00 host1 cron[1040]: INFO Health check ok latency=41ms
Sep 30 09:02:03 host1 NetworkManager[1041]: WARN Disk usage on /var at 42%
Sep 30 09:02:06 host1 kernel[1042]: ERROR Accepted publickey for deploy from 10.0.0.43
Sep 30 09:02:09 host1 sshd[1043]: DEBUG Started session 44 of user app
Sep 30 09:02:12 host1 systemd[1044]: INFO Connection reset by peer
Sep 30 09:02:15 host1 nginx[1045]: WARN Reloading configuration
Sep 30 09:02:18 host1 cron[1046]: ERROR Health check ok latency=47ms
Sep 30 09:02:21 host1 NetworkManager[1047]: DEBUG Disk usage on /var at 48%
Sep 30 09:02:24 host1 kernel[1048]: INFO Accepted publickey for deploy from 10.0.0.49
Sep 30 09:02:27 host1 sshd[1049]: WARN Started session 50 of user app
Sep 30 09:02:30 host1 systemd[1000]: ERROR Connection reset by peer
Sep 30 09:02:33 host1 nginx[1001]: DEBUG Reloading configuration
Sep 30 09:02:36 host1 cron[1002]: INFO Health check ok latency=53ms
Sep 30 09:02:39 host1 NetworkManager[1003]: WARN Disk usage on /var at 54%
Sep 30 09:02:42 host1 kernel[1004]: ERROR Accepted publickey for deploy from 10.0.0.55
Sep 30 09:02:45 host1 sshd[1005]: DEBUG Started session 56 of user app
Sep 30 09:02:48 host1 systemd[1006]: INFO Connection reset by peer
Sep 30 09:02:51 host1 nginx[1007]: WARN Reloading configuration
Sep 30 09:02:54 host1 cron[1008]: ERROR Health check ok latency=59ms
Sep 30 09:02:57 host1 NetworkManager[1009]: DEBUG Disk usage on /var at 60%
Sep 30 09:03:00 host1 kernel[1010]: INFO Accepted publickey for deploy from 10.0.0.61
Sep 30 09:03:03 host1 sshd[1011]: WARN Started session 62 of user app
Sep 30 09:03:06 host1 systemd[1012]: ERROR Connection reset by peer
Sep 30 09:03:09 host1 nginx[1013]: DEBUG Reloading configuration
Sep 30 09:03:12 host1 cron[1014]: INFO Health check ok latency=65ms
Sep 30 09:03:15 host1 NetworkManager[1015]: WARN Disk usage on /var at 66%
Sep 30 09:03:18 host1 kernel[1016]: ERROR Accepted publickey for deploy from 10.0.0.67
Sep 30 09:03:21 host1 sshd[1017]: DEBUG Started session 68 of user app
Sep 30 09:03:24 host1 systemd[1018]: INFO Connection reset by peer
Sep 30 09:03:27 host1 nginx[1019]: WARN Reloading configuration
Sep 30 09:03:30 host1 cron[1020]: ERROR Health check ok latency=71ms
Sep 30 09:03:33 host1 NetworkManager[1021]: DEBUG Disk usage on /var at 72%
Sep 30 09:03:36 host1 kernel[1022]: INFO Accepted publickey for deploy from 10.0.0.73
Sep 30 09:03:39 host1 sshd[1023]: WARN Started session 74 of user app
Sep 30 09:03:42 host1 systemd[1024]: ERROR Connection reset by peer
Sep 30 09:03:45 host1 nginx[1025]: DEBUG Reloading configuration
Sep 30 09:03:48 host1 cron[1026]: INFO Health check ok latency=77ms
Sep 30 09:03:51 host1 NetworkManager[1027]: WARN Disk usage on /var at 78%
Sep 30 09:03:54 host1 kernel[1028]: ERROR Accepted publickey for deploy from 10.0.0.79
Sep 30 09:03:57 host1 sshd[1029]: DEBUG Started session 80 of user app
Sep 30 09:04:00 host1 systemd[1030]: INFO Connection reset by peer
Sep 30 09:04:03 host1 nginx[1031]: WARN Reloading configuration
Sep 30 09:04:06 host1 cron[1032]: ERROR Health check ok latency=83ms
Sep 30 09:04:09 host1 NetworkManager[1033]: DEBUG Disk usage on /var at 84%
Sep 30 09:04:12 host1 kernel[1034]: INFO Accepted publickey for deploy from 10.0.0.85
Sep 30 09:04:15 host1 sshd[1035]: WARN Started session 86 of user app
Sep 30 09:04:18 host1 systemd[1036]: ERROR Connection reset by peer
Sep 30 09:04:21 host1 nginx[1037]: DEBUG Reloading configuration
Sep 30 09:04:24 host1 cron[1038]: INFO Health check ok latency=89ms
Sep 30 09:04:27 host1 NetworkManager[1039]: WARN Disk usage on /var at 90%
Sep 30 09:04:30 host1 kernel[1040]: ERROR Accepted publickey for deploy from 10.0.0.91
Sep 30 09:04:33 host1 sshd[1041]: DEBUG Started session 92 of user app
Sep 30 09:04:36 host1 systemd[1042]: INFO Connection reset by peer
Sep 30 09:04:39 host1 nginx[1043]: WARN Reloading configuration
Sep 30 09:04:42 host1 cron[1044]: ERROR Health check ok latency=95ms
Sep 30 09:04:45 host1 NetworkManager[1045]: DEBUG Disk usage on /var at 96%
Sep 30 09:04:48 host1 kernel[1046]: INFO Accepted publickey for deploy from 10.0.0.97
Sep 30 09:04:51 host1 sshd[1047]: WARN Started session 98 of user app
Sep 30 09:04:54 host1 systemd[1048]: ERROR Connection reset by peer
Sep 30 09:04:57 host1 nginx[1049]: DEBUG Reloading configuration
Sep 30 09:05:00 host1 cron[1000]: INFO Health check ok latency=101ms
Sep 30 09:05:03 host1 NetworkManager[1001]: WARN Disk usage on /var at 102%
Sep 30 09:05:06 host1 kernel[1002]: ERROR Accepted publickey for deploy from 10.0.0.103
Sep 30 09:05:09 host1 sshd[1003]: DEBUG Started session 104 of user app
Sep 30 09:05:12 host1 systemd[1004]: INFO Connection reset by peer
Sep 30 09:05:15 host1 nginx[1005]: WARN Reloading configuration
Sep 30 09:05:18 host1 cron[1006]: ERROR Health check ok latency=107ms
Sep 30 09:05:21 host1 NetworkManager[1007]: DEBUG Disk usage on /var at 108%
Sep 30 09:05:24 host1 kernel[1008]: INFO Accepted publickey for deploy from 10.0.0.109
Sep 30 09:05:27 host1 sshd[1009]: WARN Started session 110 of user app
Sep 30 09:05:30 host1 systemd[1010]: ERROR Connection reset by peer
Sep 30 09:05:33 host1 nginx[1011]: DEBUG Reloading configuration
Sep 30 09:05:36 host1 cron[1012]: INFO Health check ok latency=113ms
Sep 30 09:05:39 host1 NetworkManager[1013]: WARN Disk usage on /var at 114%
Sep 30 09:05:42 host1 kernel[1014]: ERROR Accepted publickey for deploy from 10.0.0.115
Sep 30 09:05:45 host1 sshd[1015]: DEBUG Started session 116 of user app
Sep 30 09:05:48 host1 systemd[1016]: INFO Connection reset by peer
Sep 30 09:05:51 host1 nginx[1017]: WARN Reloading configuration
Sep 30 09:05:54 host1 cron[1018]: ERROR Health check ok latency=119ms
Sep 30 09:05:57 host1 NetworkManager[1019]: DEBUG Disk usage on /var at 120%
Sep 30 09:06:00 host1 kernel[1020]: INFO Accepted publickey for deploy from 10.0.0.121
Sep 30 09:06:03 host1 sshd[1021]: WARN Started session 122 of user app
Sep 30 09:06:06 host1 systemd[1022]: ERROR Connection reset by peer
Sep 30 09:06:09 host1 nginx[1023]: DEBUG Reloading configuration
Sep 30 09:06:12 host1 cron[1024]: INFO Health check ok latency=125ms
Sep 30 09:06:15 host1 NetworkManager[1025]: WARN Disk usage on /var at 126%
Sep 30 09:06:18 host1 kernel[1026]: ERROR Accepted publickey for deploy from 10.0.0.127
Sep 30 09:06:21 host1 sshd[1027]: DEBUG Started session 128 of user app
Sep 30 09:06:24 host1 systemd[1028]: INFO Connection reset by peer
Sep 30 09:06:27 host1 nginx[1029]: WARN Reloading configuration
Sep 30 09:06:30 host1 cron[1030]: ERROR Health check ok latency=131ms
Sep 30 09:06:33 host1 NetworkManager[1031]: DEBUG Disk usage on /var at 132%
Sep 30 09:06:36 host1 kernel[1032]: INFO Accepted publickey for deploy from 10.0.0.133
Sep 30 09:06:39 host1 sshd[1033]: WARN Started session 134 of user app
Sep 30 09:06:42 host1 systemd[1034]: ERROR Connection reset by peer
Sep 30 09:06:45 host1 nginx[1035]: DEBUG Reloading configuration
Sep 30 09:06:48 host1 cron[1036]: INFO Health check ok latency=137ms
Sep 30 09:06:51 host1 NetworkManager[1037]: WARN Disk usage on /var at 138%
Sep 30 09:06:54 host1 kernel[1038]: ERROR Accepted publickey for deploy from 10.0.0.139
Sep 30 09:06:57 host1 sshd[1039]: DEBUG Started session 140 of user app
Sep 30 09:07:00 host1 systemd[1040]: INFO Connection reset by peer
Sep 30 09:07:03 host1 nginx[1041]: WARN Reloading configuration
Sep 30 09:07:06 host1 cron[1042]: ERROR Health check ok latency=143ms
Sep 30 09:07:09 host1 NetworkManager[1043]: DEBUG Disk usage on /var at 144%
Sep 30 09:07:12 host1 kernel[1044]: INFO Accepted publickey for deploy from 10.0.0.145
Sep 30 09:07:15 host1 sshd[1045]: WARN Started session 146 of user app
Sep 30 09:07:18 host1 systemd[1046]: ERROR Connection reset by peer
Sep 30 09:07:21 host1 nginx[1047]: DEBUG Reloading configuration
Sep 30 09:07:24 host1 cron[1048]: INFO Health check ok latency=149ms
Sep 30 09:07:27 host1 NetworkManager[1049]: WARN Disk usage on /var at 150%
Sep 30 09:07:30 host1 kernel[1000]: ERROR Accepted publickey for deploy from 10.0.0.151
Sep 30 09:07:33 host1 sshd[1001]: DEBUG Started session 152 of user app
Sep 30 09:07:36 host1 systemd[1002]: INFO Connection reset by peer
Sep 30 09:07:39 host1 nginx[1003]: WARN Reloading configuration
Sep 30 09:07:42 host1 cron[1004]: ERROR Health check ok latency=155ms
Sep 30 09:07:45 host1 NetworkManager[1005]: DEBUG Disk usage on /var at 156%
Sep 30 09:07:48 host1 kernel[1006]: INFO Accepted publickey for deploy from 10.0.0.157
Sep 30 09:07:51 host1 sshd[1007]: WARN Started session 158 of user app
Sep 30 09:07:54 host1 systemd[1008]: ERROR Connection reset by peer
Sep 30 09:07:57 host1 nginx[1009]: DEBUG Reloading configuration
Sep 30 09:08:00 host1 cron[1010]: INFO Health check ok latency=161ms
Sep 30 09:08:03 host1 NetworkManager[1011]: WARN Disk usage on /var at 162%
Sep 30 09:08:06 host1 kernel[1012]: ERROR Accepted publickey for deploy from 10.0.0.163
Sep 30 09:08:09 host1 sshd[1013]: DEBUG Started session 164 of user app
Sep 30 09:08:12 host1 systemd[1014]: INFO Connection reset by peer
Sep 30 09:08:15 host1 nginx[1015]: WARN Reloading configuration
Sep 30 09:08:18 host1 cron[1016]: ERROR Health check ok latency=167ms
Sep 30 09:08:21 host1 NetworkManager[1017]: DEBUG Disk usage on /var at 168%
Sep 30 09:08:24 host1 kernel[1018]: INFO Accepted publickey for deploy from 10.0.0.169
Sep 30 09:08:27 host1 sshd[1019]: WARN Started session 170 of user app
Sep 30 09:08:30 host1 systemd[1020]: ERROR Connection reset by peer
Sep 30 09:08:33 host1 nginx[1021]: DEBUG Reloading configuration
Sep 30 09:08:36 host1 cron[1022]: INFO Health check ok latency=173ms
Sep 30 09:08:39 host1 NetworkManager[1023]: WARN Disk usage on /var at 174%
Sep 30 09:08:42 host1 kernel[1024]: ERROR Accepted publickey for deploy from 10.0.0.175
Sep 30 09:08:45 host1 sshd[1025]: DEBUG Started session 176 of user app
Sep 30 09:08:48 host1 systemd[1026]: INFO Connection reset by peer
Sep 30 09:08:51 host1 nginx[1027]: WARN Reloading configuration
Sep 30 09:08:54 host1 cron[1028]: ERROR Health check ok latency=179ms
Sep 30 09:08:57 host1 NetworkManager[1029]: DEBUG Disk usage on /var at 180%
Sep 30 09:09:00 host1 kernel[1030]: INFO Accepted publickey for deploy from 10.0.0.181
Sep 30 09:09:03 host1 sshd[1031]: WARN Started session 182 of user app
Sep 30 09:09:06 host1 systemd[1032]: ERROR Connection reset by peer
Sep 30 09:09:09 host1 nginx[1033]: DEBUG Reloading configuration
Sep 30 09:09:12 host1 cron[1034]: INFO Health check ok latency=185ms
Sep 30 09:09:15 host1 NetworkManager[1035]: WARN Disk usage on /var at 186%
Sep 30 09:09:18 host1 kernel[1036]: ERROR Accepted publickey for deploy from 10.0.0.187
Sep 30 09:09:21 host1 sshd[1037]: DEBUG Started session 188 of user app
Sep 30 09:09:24 host1 systemd[1038]: INFO Connection reset by peer
Sep 30 09:09:27 host1 nginx[1039]: WARN Reloading configuration
Sep 30 09:09:30 host1 cron[1040]: ERROR Health check ok latency=191ms
Sep 30 09:09:33 host1 NetworkManager[1041]: DEBUG Disk usage on /var at 192%
Sep 30 09:09:36 host1 kernel[1042]: INFO Accepted publickey for deploy from 10.0.0.193
Sep 30 09:09:39 host1 sshd[1043]: WARN Started session 194 of user app
Sep 30 09:09:42 host1 systemd[1044]: ERROR Connection reset by peer
Sep 30 09:09:45 host1 nginx[1045]: DEBUG Reloading configuration
Sep 30 09:09:48 host1 cron[1046]: INFO Health check ok latency=197ms
Sep 30 09:09:51 host1 NetworkManager[1047]: WARN Disk usage on /var at 198%
Sep 30 09:09:54 host1 kernel[1048]: ERROR Accepted publickey for deploy from 10.0.0.199
Sep 30 09:09:57 host1 sshd[1049]: DEBUG Started session 200 of user app
Sep 30 09:10:00 host1 systemd[1000]: INFO Connection reset by peer
Sep 30 09:10:03 host1 nginx[1001]: WARN Reloading configuration
Sep 30 09:10:06 host1 cron[1002]: ERROR Health check ok latency=3ms
Sep 30 09:10:09 host1 NetworkManager[1003]: DEBUG Disk usage on /var at 4%
Sep 30 09:10:12 host1 kernel[1004]: INFO Accepted publickey for deploy from 10.0.0.5
Sep 30 09:10:15 host1 sshd[1005]: WARN Started session 6 of user app
Sep 30 09:10:18 host1 systemd[1006]: ERROR Connection reset by peer
Sep 30 09:10:21 host1 nginx[1007]: DEBUG Reloading configuration
Sep 30 09:10:24 host1 cron[1008]: INFO Health check ok latency=9ms
Sep 30 09:10:27 host1 NetworkManager[1009]: WARN Disk usage on /var at 10%
Sep 30 09:10:30 host1 kernel[1010]: ERROR Accepted publickey for deploy from 10.0.0.11
Sep 30 09:10:33 host1 sshd[1011]: DEBUG Started session 12 of user app
Sep 30 09:10:36 host1 systemd[1012]: INFO Connection reset by peer
Sep 30 09:10:39 host1 nginx[1013]: WARN Reloading configuration
Sep 30 09:10:42 host1 cron[1014]: ERROR Health check ok latency=15ms
Sep 30 09:10:45 host1 NetworkManager[1015]: DEBUG Disk usage on /var at 16%
Sep 30 09:10:48 host1 kernel[1016]: INFO Accepted publickey for deploy from 10.0.0.17
Sep 30 09:10:51 host1 sshd[1017]: WARN Started session 18 of user app
Sep 30 09:10:54 host1 systemd[1018]: ERROR Connection reset by peer
Sep 30 09:10:57 host1 nginx[1019]: DEBUG Reloading configuration
Sep 30 09:11:00 host1 cron[1020]: INFO Health check ok latency=21ms
Sep 30 09:11:03 host1 NetworkManager[1021]: WARN Disk usage on /var at 22%
Sep 30 09:11:06 host1 kernel[1022]: ERROR Accepted publickey for deploy from 10.0.0.23
Sep 30 09:11:09 host1 sshd[1023]: DEBUG Started session 24 of user app
Sep 30 09:11:12 host1 systemd[1024]: INFO Connection reset by peer
Sep 30 09:11:15 host1 nginx[1025]: WARN Reloading configuration
Sep 30 09:11:18 host1 cron[1026]: ERROR Health check ok latency=27ms
Sep 30 09:11:21 host1 NetworkManager[1027]: DEBUG Disk usage on /var at 28%
Sep 30 09:11:24 host1 kernel[1028]: INFO Accepted publickey for deploy from 10.0.0.29
Sep 30 09:11:27 host1 sshd[1029]: WARN Started session 30 of user app
Sep 30 09:11:30 host1 systemd[1030]: ERROR Connection reset by peer
Sep 30 09:11:33 host1 nginx[1031]: DEBUG Reloading configuration
Sep 30 09:11:36 host1 cron[1032]: INFO Health check ok latency=33ms
Sep 30 09:11:39 host1 NetworkManager[1033]: WARN Disk usage on /var at 34%
Sep 30 09:11:42 host1 kernel[1034]: ERROR Accepted publickey for deploy from 10.0.0.35
Sep 30 09:11:45 host1 sshd[1035]: DEBUG Started session 36 of user app
Sep 30 09:11:48 host1 systemd[1036]: INFO Connection reset by peer
Sep 30 09:11:51 host1 nginx[1037]: WARN Reloading configuration
Sep 30 09:11:54 host1 cron[1038]: ERROR Health check ok latency=39ms
Sep 30 09:11:57 host1 NetworkManager[1039]: DEBUG Disk usage on /var at 40%
Sep 30 09:12:00 host1 kernel[1040]: INFO Accepted publickey for deploy from 10.0.0.41
Sep 30 09:12:03 host1 sshd[1041]: WARN Started session 42 of user app
Sep 30 09:12:06 host1 systemd[1042]: ERROR Connection reset by peer
Sep 30 09:12:09 host1 nginx[1043]: DEBUG Reloading configuration
Sep 30 09:12:12 host1 cron[1044]: INFO Health check ok latency=45ms
Sep 30 09:12:15 host1 NetworkManager[1045]: WARN Disk usage on /var at 46%
Sep 30 09:12:18 host1 kernel[1046]: ERROR Accepted publickey for deploy from 10.0.0.47
Sep 30 09:12:21 host1 sshd[1047]: DEBUG Started session 48 of user app
Sep 30 09:12:24 host1 systemd[1048]: INFO Connection reset by peer
Sep 30 09:12:27 host1 nginx[1049]: WARN Reloading configuration
Sep 30 09:12:30 host1 cron[1000]: ERROR Health check ok latency=51ms
Sep 30 09:12:33 host1 NetworkManager[1001]: DEBUG Disk usage on /var at 52%
Sep 30 09:12:36 host1 kernel[1002]: INFO Accepted publickey for deploy from 10.0.0.53
Sep 30 09:12:39 host1 sshd[1003]: WARN Started session 54 of user app
Sep 30 09:12:42 host1 systemd[1004]: ERROR Connection reset by peer
Sep 30 09:12:45 host1 nginx[1005]: DEBUG Reloading configuration
Sep 30 09:12:48 host1 cron[1006]: INFO Health check ok latency=57ms
Sep 30 09:12:51 host1 NetworkManager[1007]: WARN Disk usage on /var at 58%
Sep 30 09:12:54 host1 kernel[1008]: ERROR Accepted publickey for deploy from 10.0.0.59
Sep 30 09:12:57 host1 sshd[1009]: DEBUG Started session 60 of user app
Sep 30 09:13:00 host1 systemd[1010]: INFO Connection reset by peer
Sep 30 09:13:03 host1 nginx[1011]: WARN Reloading configuration
Sep 30 09:13:06 host1 cron[1012]: ERROR Health check ok latency=63ms
Sep 30 09:13:09 host1 NetworkManager[1013]: DEBUG Disk usage on /var at 64%
Sep 30 09:13:12 host1 kernel[1014]: INFO Accepted publickey for deploy from 10.0.0.65
Sep 30 09:13:15 host1 sshd[1015]: WARN Started session 66 of user app
Sep 30 09:13:18 host1 systemd[1016]: ERROR Connection reset by peer
Sep 30 09:13:21 host1 nginx[1017]: DEBUG Reloading configuration
Sep 30 09:13:24 host1 cron[1018]: INFO Health check ok latency=69ms
Sep 30 09:13:27 host1 NetworkManager[1019]: WARN Disk usage on /var at 70%
Sep 30 09:13:30 host1 kernel[1020]: ERROR Accepted publickey for deploy from 10.0.0.71
Sep 30 09:13:33 host1 sshd[1021]: DEBUG Started session 72 of user app
Sep 30 09:13:36 host1 systemd[1022]: INFO Connection reset by peer
Sep 30 09:13:39 host1 nginx[1023]: WARN Reloading configuration
Sep 30 09:13:42 host1 cron[1024]: ERROR Health check ok latency=75ms
Sep 30 09:13:45 host1 NetworkManager[1025]: DEBUG Disk usage on /var at 76%
Sep 30 09:13:48 host1 kernel[1026]: INFO Accepted publickey for deploy from 10.0.0.77
Sep 30 09:13:51 host1 sshd[1027]: WARN Started session 78 of user app
Sep 30 09:13:54 host1 systemd[1028]: ERROR Connection reset by peer
Sep 30 09:13:57 host1 nginx[1029]: DEBUG Reloading configuration
Sep 30 09:14:00 host1 cron[1030]: INFO Health check ok latency=81ms
Sep 30 09:14:03 host1 NetworkManager[1031]: WARN Disk usage on /var at 82%
Sep 30 09:14:06 host1 kernel[1032]: ERROR Accepted publickey for deploy from 10.0.0.83
Sep 30 09:14:09 host1 sshd[1033]: DEBUG Started session 84 of user app
Sep 30 09:14:12 host1 systemd[1034]: INFO Connection reset by peer
Sep 30 09:14:15 host1 nginx[1035]: WARN Reloading configuration
Sep 30 09:14:18 host1 cron[1036]: ERROR Health check ok latency=87ms
Sep 30 09:14:21 host1 NetworkManager[1037]: DEBUG Disk usage on /var at 88%
Sep 30 09:14:24 host1 kernel[1038]: INFO Accepted publickey for deploy from 10.0.0.89
Sep 30 09:14:27 host1 sshd[1039]: WARN Started session 90 of user app
Sep 30 09:14:30 host1 systemd[1040]: ERROR Connection reset by peer
Sep 30 09:14:33 host1 nginx[1041]: DEBUG Reloading configuration
Sep 30 09:14:36 host1 cron[1042]: INFO Health check ok latency=93ms
Sep 30 09:14:39 host1 NetworkManager[1043]: WARN Disk usage on /var at 94%
Sep 30 09:14:42 host1 kernel[1044]: ERROR Accepted publickey for deploy from 10.0.0.95
Sep 30 09:14:45 host1 sshd[1045]: DEBUG Started session 96 of user app
Sep 30 09:14:48 host1 systemd[1046]: INFO Connection reset by peer
Sep 30 09:14:51 host1 nginx[1047]: WARN Reloading configuration
Sep 30 09:14:54 host1 cron[1048]: ERROR Health check ok latency=99ms
Sep 30 09:14:57 host1 NetworkManager[1049]: DEBUG Disk usage on /var at 100%
Sep 30 09:15:00 host1 kernel[1000]: INFO Accepted publickey for deploy from 10.0.0.101
Sep 30 09:15:03 host1 sshd[1001]: WARN Started session 102 of user app
Sep 30 09:15:06 host1 systemd[1002]: ERROR Connection reset by peer
Sep 30 09:15:09 host1 nginx[1003]: DEBUG Reloading configuration
Sep 30 09:15:12 host1 cron[1004]: INFO Health check ok latency=105ms
Sep 30 09:15:15 host1 NetworkManager[1005]: WARN Disk usage on /var at 106%
Sep 30 09:15:18 host1 kernel[1006]: ERROR Accepted publickey for deploy from 10.0.0.107
Sep 30 09:15:21 host1 sshd[1007]: DEBUG Started session 108 of user app
Sep 30 09:15:24 host1 systemd[1008]: INFO Connection reset by peer
Sep 30 09:15:27 host1 nginx[1009]: WARN Reloading configuration
Sep 30 09:15:30 host1 cron[1010]: ERROR Health check ok latency=111ms
Sep 30 09:15:33 host1 NetworkManager[1011]: DEBUG Disk usage on /var at 112%
Sep 30 09:15:36 host1 kernel[1012]: INFO Accepted publickey for deploy from 10.0.0.113
Sep 30 09:15:39 host1 sshd[1013]: WARN Started session 114 of user app
Sep 30 09:15:42 host1 systemd[1014]: ERROR Connection reset by peer
Sep 30 09:15:45 host1 nginx[1015]: DEBUG Reloading configuration
Sep 30 09:15:48 host1 cron[1016]: INFO Health check ok latency=117ms
Sep 30 09:15:51 host1 NetworkManager[1017]: WARN Disk usage on /var at 118%
Sep 30 09:15:54 host1 kernel[1018]: ERROR Accepted publickey for deploy from 10.0.0.119
Sep 30 09:15:57 host1 sshd[1019]: DEBUG Started session 120 of user app
Sep 30 09:16:00 host1 systemd[1020]: INFO Connection reset by peer
Sep 30 09:16:03 host1 nginx[1021]: WARN Reloading configuration
Sep 30 09:16:06 host1 cron[1022]: ERROR Health check ok latency=123ms
Sep 30 09:16:09 host1 NetworkManager[1023]: DEBUG Disk usage on /var at 124%
Sep 30 09:16:12 host1 kernel[1024]: INFO Accepted publickey for deploy from 10.0.0.125
Sep 30 09:16:15 host1 sshd[1025]: WARN Started session 126 of user app
Sep 30 09:16:18 host1 systemd[1026]: ERROR Connection reset by peer
Sep 30 09:16:21 host1 nginx[1027]: DEBUG Reloading configuration
Sep 30 09:16:24 host1 cron[1028]: INFO Health check ok latency=129ms
Sep 30 09:16:27 host1 NetworkManager[1029]: WARN Disk usage on /var at 130%
Sep 30 09:16:30 host1 kernel[1030]: ERROR Accepted publickey for deploy from 10.0.0.131
Sep 30 09:16:33 host1 sshd[1031]: DEBUG Started session 132 of user app
Sep 30 09:16:36 host1 systemd[1032]: INFO Connection reset by peer
Sep 30 09:16:39 host1 nginx[1033]: WARN Reloading configuration
Sep 30 09:16:42 host1 cron[1034]: ERROR Health check ok latency=135ms
Sep 30 09:16:45 host1 NetworkManager[1035]: DEBUG Disk usage on /var at 136%
Sep 30 09:16:48 host1 kernel[1036]: INFO Accepted publickey for deploy from 10.0.0.137
Sep 30 09:16:51 host1 sshd[1037]: WARN Started session 138 of user app
Sep 30 09:16:54 host1 systemd[1038]: ERROR Connection reset by peer
Sep 30 09:16:57 host1 nginx[1039]: DEBUG Reloading configuration
Sep 30 09:17:00 host1 cron[1040]: INFO Health check ok latency=141ms
Sep 30 09:17:03 host1 NetworkManager[1041]: WARN Disk usage on /var at 142%
Sep 30 09:17:06 host1 kernel[1042]: ERROR Accepted publickey for deploy from 10.0.0.143
Sep 30 09:17:09 host1 sshd[1043]: DEBUG Started session 144 of user app
Sep 30 09:17:12 host1 systemd[1044]: INFO Connection reset by peer
Sep 30 09:17:15 host1 nginx[1045]: WARN Reloading configuration
Sep 30 09:17:18 host1 cron[1046]: ERROR Health check ok latency=147ms
Sep 30 09:17:21 host1 NetworkManager[1047]: DEBUG Disk usage on /var at 148%
Sep 30 09:17:24 host1 kernel[1048]: INFO Accepted publickey for deploy from 10.0.0.149
Sep 30 09:17:27 host1 sshd[1049]: WARN Started session 150 of user app
Sep 30 09:17:30 host1 systemd[1000]: ERROR Connection reset by peer
Sep 30 09:17:33 host1 nginx[1001]: DEBUG Reloading configuration
Sep 30 09:17:36 host1 cron[1002]: INFO Health check ok latency=153ms
Sep 30 09:17:39 host1 NetworkManager[1003]: WARN Disk usage on /var at 154%
Sep 30 09:17:42 host1 kernel[1004]: ERROR Accepted publickey for deploy from 10.0.0.155
Sep 30 09:17:45 host1 sshd[1005]: DEBUG Started session 156 of user app
Sep 30 09:17:48 host1 systemd[1006]: INFO Connection reset by peer
Sep 30 09:17:51 host1 nginx[1007]: WARN Reloading configuration
Sep 30 09:17:54 host1 cron[1008]: ERROR Health check ok latency=159ms
Sep 30 09:17:57 host1 NetworkManager[1009]: DEBUG Disk usage on /var at 160%
Sep 30 09:18:00 host1 kernel[1010]: INFO Accepted publickey for deploy from 10.0.0.161
Sep 30 09:18:03 host1 sshd[1011]: WARN Started session 162 of user app
Sep 30 09:18:06 host1 systemd[1012]: ERROR Connection reset by peer
Sep 30 09:18:09 host1 nginx[1013]: DEBUG Reloading configuration
Sep 30 09:18:12 host1 cron[1014]: INFO Health check ok latency=165ms
Sep 30 09:18:15 host1 NetworkManager[1015]: WARN Disk usage on /var at 166%
Sep 30 09:18:18 host1 kernel[1016]: ERROR Accepted publickey for deploy from 10.0.0.167
Sep 30 09:18:21 host1 sshd[1017]: DEBUG Started session 168 of user app
Sep 30 09:18:24 host1 systemd[1018]: INFO Connection reset by peer
Sep 30 09:18:27 host1 nginx[1019]: WARN Reloading configuration
Sep 30 09:18:30 host1 cron[1020]: ERROR Health check ok latency=171ms
Sep 30 09:18:33 host1 NetworkManager[1021]: DEBUG Disk usage on /var at 172%
Sep 30 09:18:36 host1 kernel[1022]: INFO Accepted publickey for deploy from 10.0.0.173
Sep 30 09:18:39 host1 sshd[1023]: WARN Started session 174 of user app
Sep 30 09:18:42 host1 systemd[1024]: ERROR Connection reset by peer
Sep 30 09:18:45 host1 nginx[1025]: DEBUG Reloading configuration
Sep 30 09:18:48 host1 cron[1026]: INFO Health check ok latency=177ms
Sep 30 09:18:51 host1 NetworkManager[1027]: WARN Disk usage on /var at 178%
Sep 30 09:18:54 host1 kernel[1028]: ERROR Accepted publickey for deploy from 10.0.0.179
Sep 30 09:18:57 host1 sshd[1029]: DEBUG Started session 180 of user app
Sep 30 09:19:00 host1 systemd[1030]: INFO Connection reset by peer
Sep 30 09:19:03 host1 nginx[1031]: WARN Reloading configuration
Sep 30 09:19:06 host1 cron[1032]: ERROR Health check ok latency=183ms
Sep 30 09:19:09 host1 NetworkManager[1033]: DEBUG Disk usage on /var at 184%
Sep 30 09:19:12 host1 kernel[1034]: INFO Accepted publickey for deploy from 10.0.0.185
Sep 30 09:19:15 host1 sshd[1035]: WARN Started session 186 of user app
Sep 30 09:19:18 host1 systemd[1036]: ERROR Connection reset by peer
Sep 30 09:19:21 host1 nginx[1037]: DEBUG Reloading configuration
Sep 30 09:19:24 host1 cron[1038]: INFO Health check ok latency=189ms
Sep 30 09:19:27 host1 NetworkManager[1039]: WARN Disk usage on /var at 190%
Sep 30 09:19:30 host1 kernel[1040]: ERROR Accepted publickey for deploy from 10.0.0.191
Sep 30 09:19:33 host1 sshd[1041]: DEBUG Started session 192 of user app
Sep 30 09:19:36 host1 systemd[1042]: INFO Connection reset by peer
Sep 30 09:19:39 host1 nginx[1043]: WARN Reloading configuration
Sep 30 09:19:42 host1 cron[1044]: ERROR Health check ok latency=195ms
Sep 30 09:19:45 host1 NetworkManager[1045]: DEBUG Disk usage on /var at 196%
Sep 30 09:19:48 host1 kernel[1046]: INFO Accepted publickey for deploy from 10.0.0.197
Sep 30 09:19:51 host1 sshd[1047]: WARN Started session 198 of user app
Sep 30 09:19:54 host1 systemd[1048]: ERROR Connection reset by peer
Sep 30 09:19:57 host1 nginx[1049]: DEBUG Reloading configuration
Sep 30 09:20:00 host1 cron[1000]: INFO Health check ok latency=1ms
Sep 30 09:20:03 host1 NetworkManager[1001]: WARN Disk usage on /var at 2%
Sep 30 09:20:06 host1 kernel[1002]: ERROR Accepted publickey for deploy from 10.0.0.3
Sep 30 09:20:09 host1 sshd[1003]: DEBUG Started session 4 of user app
Sep 30 09:20:12 host1 systemd[1004]: INFO Connection reset by peer
Sep 30 09:20:15 host1 nginx[1005]: WARN Reloading configuration
Sep 30 09:20:18 host1 cron[1006]: ERROR Health check ok latency=7ms
Sep 30 09:20:21 host1 NetworkManager[1007]: DEBUG Disk usage on /var at 8%
Sep 30 09:20:24 host1 kernel[1008]: INFO Accepted publickey for deploy from 10.0.0.9
Sep 30 09:20:27 host1 sshd[1009]: WARN Started session 10 of user app
Sep 30 09:20:30 host1 systemd[1010]: ERROR Connection reset by peer
Sep 30 09:20:33 host1 nginx[1011]: DEBUG Reloading configuration
Sep 30 09:20:36 host1 cron[1012]: INFO Health check ok latency=13ms
Sep 30 09:20:39 host1 NetworkManager[1013]: WARN Disk usage on /var at 14%
Sep 30 09:20:42 host1 kernel[1014]: ERROR Accepted publickey for deploy from 10.0.0.15
Sep 30 09:20:45 host1 sshd[1015]: DEBUG Started session 16 of user app
Sep 30 09:20:48 host1 systemd[1016]: INFO Connection reset by peer
Sep 30 09:20:51 host1 nginx[1017]: WARN Reloading configuration
Sep 30 09:20:54 host1 cron[1018]: ERROR Health check ok latency=19ms
Sep 30 09:20:57 host1 NetworkManager[1019]: DEBUG Disk usage on /var at 20%
Sep 30 09:21:00 host1 kernel[1020]: INFO Accepted publickey for deploy from 10.0.0.21
Sep 30 09:21:03 host1 sshd[1021]: WARN Started session 22 of user app
Sep 30 09:21:06 host1 systemd[1022]: ERROR Connection reset by peer
Sep 30 09:21:09 host1 nginx[1023]: DEBUG Reloading configuration
Sep 30 09:21:12 host1 cron[1024]: INFO Health check ok latency=25ms
Sep 30 09:21:15 host1 NetworkManager[1025]: WARN Disk usage on /var at 26%
Sep 30 09:21:18 host1 kernel[1026]: ERROR Accepted publickey for deploy from 10.0.0.27
Sep 30 09:21:21 host1 sshd[1027]: DEBUG Started session 28 of user app
Sep 30 09:21:24 host1 systemd[1028]: INFO Connection reset by peer
Sep 30 09:21:27 host1 nginx[1029]: WARN Reloading configuration
Sep 30 09:21:30 host1 cron[1030]: ERROR Health check ok latency=31ms
Sep 30 09:21:33 host1 NetworkManager[1031]: DEBUG Disk usage on /var at 32%
Sep 30 09:21:36 host1 kernel[1032]: INFO Accepted publickey for deploy from 10.0.0.33
Sep 30 09:21:39 host1 sshd[1033]: WARN Started session 34 of user app
Sep 30 09:21:42 host1 systemd[1034]: ERROR Connection reset by peer
Sep 30 09:21:45 host1 nginx[1035]: DEBUG Reloading configuration
Sep 30 09:21:48 host1 cron[1036]: INFO Health check ok latency=37ms
Sep 30 09:21:51 host1 NetworkManager[1037]: WARN Disk usage on /var at 38%
Sep 30 09:21:54 host1 kernel[1038]: ERROR Accepted publickey for deploy from 10.0.0.39
Sep 30 09:21:57 host1 sshd[1039]: DEBUG Started session 40 of user app
Sep 30 09:22:00 host1 systemd[1040]: INFO Connection reset by peer
Sep 30 09:22:03 host1 nginx[1041]: WARN Reloading configuration
Sep 30 09:22:06 host1 cron[1042]: ERROR Health check ok latency=43ms
Sep 30 09:22:09 host1 NetworkManager[1043]: DEBUG Disk usage on /var at 44%
Sep 30 09:22:12 host1 kernel[1044]: INFO Accepted publickey for deploy from 10.0.0.45
Sep 30 09:22:15 host1 sshd[1045]: WARN Started session 46 of user app
Sep 30 09:22:18 host1 systemd[1046]: ERROR Connection reset by peer
Sep 30 09:22:21 host1 nginx[1047]: DEBUG Reloading configuration
Sep 30 09:22:24 host1 cron[1048]: INFO Health check ok latency=49ms
Sep 30 09:22:27 host1 NetworkManager[1049]: WARN Disk usage on /var at 50%
Sep 30 09:22:30 host1 kernel[1000]: ERROR Accepted publickey for deploy from 10.0.0.51
Sep 30 09:22:33 host1 sshd[1001]: DEBUG Started session 52 of user app
Sep 30 09:22:36 host1 systemd[1002]: INFO Connection reset by peer
Sep 30 09:22:39 host1 nginx[1003]: WARN Reloading configuration
Sep 30 09:22:42 host1 cron[1004]: ERROR Health check ok latency=55ms
Sep 30 09:22:45 host1 NetworkManager[1005]: DEBUG Disk usage on /var at 56%
Sep 30 09:22:48 host1 kernel[1006]: INFO Accepted publickey for deploy from 10.0.0.57
Sep 30 09:22:51 host1 sshd[1007]: WARN Started session 58 of user app
Sep 30 09:22:54 host1 systemd[1008]: ERROR Connection reset by peer
Sep 30 09:22:57 host1 nginx[1009]: DEBUG Reloading configuration
Sep 30 09:23:00 host1 cron[1010]: INFO Health check ok latency=61ms
Sep 30 09:23:03 host1 NetworkManager[1011]: WARN Disk usage on /var at 62%
Sep 30 09:23:06 host1 kernel[1012]: ERROR Accepted publickey for deploy from 10.0.0.63
Sep 30 09:23:09 host1 sshd[1013]: DEBUG Started session 64 of user app
Sep 30 09:23:12 host1 systemd[1014]: INFO Connection reset by peer
Sep 30 09:23:15 host1 nginx[1015]: WARN Reloading configuration
Sep 30 09:23:18 host1 cron[1016]: ERROR Health check ok latency=67ms
Sep 30 09:23:21 host1 NetworkManager[1017]: DEBUG Disk usage on /var at 68%
Sep 30 09:23:24 host1 kernel[1018]: INFO Accepted publickey for deploy from 10.0.0.69
Sep 30 09:23:27 host1 sshd[1019]: WARN Started session 70 of user app
Sep 30 09:23:30 host1 systemd[1020]: ERROR Connection reset by peer
Sep 30 09:23:33 host1 nginx[1021]: DEBUG Reloading configuration
Sep 30 09:23:36 host1 cron[1022]: INFO Health check ok latency=73ms
Sep 30 09:23:39 host1 NetworkManager[1023]: WARN Disk usage on /var at 74%
Sep 30 09:23:42 host1 kernel[1024]: ERROR Accepted publickey for deploy from 10.0.0.75
Sep 30 09:23:45 host1 sshd[1025]: DEBUG Started session 76 of user app
Sep 30 09:23:48 host1 systemd[1026]: INFO Connection reset by peer
Sep 30 09:23:51 host1 nginx[1027]: WARN Reloading configuration
Sep 30 09:23:54 host1 cron[1028]: ERROR Health check ok latency=79ms
Sep 30 09:23:57 host1 NetworkManager[1029]: DEBUG Disk usage on /var at 80%
Sep 30 09:24:00 host1 kernel[1030]: INFO Accepted publickey for deploy from 10.0.0.81
Sep 30 09:24:03 host1 sshd[1031]: WARN Started session 82 of user app
Sep 30 09:24:06 host1 systemd[1032]: ERROR Connection reset by peer
Sep 30 09:24:09 host1 nginx[1033]: DEBUG Reloading configuration
Sep 30 09:24:12 host1 cron[1034]: INFO Health check ok latency=85ms
Sep 30 09:24:15 host1 NetworkManager[1035]: WARN Disk usage on /var at 86%
Sep 30 09:24:18 host1 kernel[1036]: ERROR Accepted publickey for deploy from 10.0.0.87
Sep 30 09:24:21 host1 sshd[1037]: DEBUG Started session 88 of user app
Sep 30 09:24:24 host1 systemd[1038]: INFO Connection reset by peer
Sep 30 09:24:27 host1 nginx[1039]: WARN Reloading configuration
Sep 30 09:24:30 host1 cron[1040]: ERROR Health check ok latency=91ms
Sep 30 09:24:33 host1 NetworkManager[1041]: DEBUG Disk usage on /var at 92%
Sep 30 09:24:36 host1 kernel[1042]: INFO Accepted publickey for deploy from 10.0.0.93
Sep 30 09:24:39 host1 sshd[1043]: WARN Started session 94 of user app
Sep 30 09:24:42 host1 systemd[1044]: ERROR Connection reset by peer
Sep 30 09:24:45 host1 nginx[1045]: DEBUG Reloading configuration
Sep 30 09:24:48 host1 cron[1046]: INFO Health check ok latency=97ms
Sep 30 09:24:51 host1 NetworkManager[1047]: WARN Disk usage on /var at 98%
Sep 30 09:24:54 host1 kernel[1048]: ERROR Accepted publickey for deploy from 10.0.0.99
Sep 30 09:24:57 host1 sshd[1049]: DEBUG Started session 100 of user app
Sep 30 09:25:00 host1 systemd[1000]: INFO Connection reset by peer
Sep 30 09:25:03 host1 nginx[1001]: WARN Reloading configuration
Sep 30 09:25:06 host1 cron[1002]: ERROR Health check ok latency=103ms
Sep 30 09:25:09 host1 NetworkManager[1003]: DEBUG Disk usage on /var at 104%
Sep 30 09:25:12 host1 kernel[1004]: INFO Accepted publickey for deploy from 10.0.0.105
Sep 30 09:25:15 host1 sshd[1005]: WARN Started session 106 of user app
Sep 30 09:25:18 host1 systemd[1006]: ERROR Connection reset by peer
Sep 30 09:25:21 host1 nginx[1007]: DEBUG Reloading configuration
Sep 30 09:25:24 host1 cron[1008]: INFO Health check ok latency=109ms
Sep 30 09:25:27 host1 NetworkManager[1009]: WARN Disk usage on /var at 110%
Sep 30 09:25:30 host1 kernel[1010]: ERROR Accepted publickey for deploy from 10.0.0.111
Sep 30 09:25:33 host1 sshd[1011]: DEBUG Started session 112 of user app
Sep 30 09:25:36 host1 systemd[1012]: INFO Connection reset by peer
Sep 30 09:25:39 host1 nginx[1013]: WARN Reloading configuration
Sep 30 09:25:42 host1 cron[1014]: ERROR Health check ok latency=115ms
Sep 30 09:25:45 host1 NetworkManager[1015]: DEBUG Disk usage on /var at 116%
Sep 30 09:25:48 host1 kernel[1016]: INFO Accepted publickey for deploy from 10.0.0.117
Sep 30 09:25:51 host1 sshd[1017]: WARN Started session 118 of user app
Sep 30 09:25:54 host1 systemd[1018]: ERROR Connection reset by peer
Sep 30 09:25:57 host1 nginx[1019]: DEBUG Reloading configuration
Sep 30 09:26:00 host1 cron[1020]: INFO Health check ok latency=121ms
Sep 30 09:26:03 host1 NetworkManager[1021]: WARN Disk usage on /var at 122%
Sep 30 09:26:06 host1 kernel[1022]: ERROR Accepted publickey for deploy from 10.0.0.123
Sep 30 09:26:09 host1 sshd[1023]: DEBUG Started session 124 of user app
Sep 30 09:26:12 host1 systemd[1024]: INFO Connection reset by peer
Sep 30 09:26:15 host1 nginx[1025]: WARN Reloading configuration
Sep 30 09:26:18 host1 cron[1026]: ERROR Health check ok latency=127ms
Sep 30 09:26:21 host1 NetworkManager[1027]: DEBUG Disk usage on /var at 128%
Sep 30 09:26:24 host1 kernel[1028]: INFO Accepted publickey for deploy from 10.0.0.129
Sep 30 09:26:27 host1 sshd[1029]: WARN Started session 130 of user app
Sep 30 09:26:30 host1 systemd[1030]: ERROR Connection reset by peer
Sep 30 09:26:33 host1 nginx[1031]: DEBUG Reloading configuration
Sep 30 09:26:36 host1 cron[1032]: INFO Health check ok latency=133ms
Sep 30 09:26:39 host1 NetworkManager[1033]: WARN Disk usage on /var at 134%
Sep 30 09:26:42 host1 kernel[1034]: ERROR Accepted publickey for deploy from 10.0.0.135
Sep 30 09:26:45 host1 sshd[1035]: DEBUG Started session 136 of user app
Sep 30 09:26:48 host1 systemd[1036]: INFO Connection reset by peer
Sep 30 09:26:51 host1 nginx[1037]: WARN Reloading configuration
Sep 30 09:26:54 host1 cron[1038]: ERROR Health check ok latency=139ms
Sep 30 09:26:57 host1 NetworkManager[1039]: DEBUG Disk usage on /var at 140%
Sep 30 09:27:00 host1 kernel[1040]: INFO Accepted publickey for deploy from 10.0.0.141
Sep 30 09:27:03 host1 sshd[1041]: WARN Started session 142 of user app
Sep 30 09:27:06 host1 systemd[1042]: ERROR Connection reset by peer
Sep 30 09:27:09 host1 nginx[1043]: DEBUG Reloading configuration
Sep 30 09:27:12 host1 cron[1044]: INFO Health check ok latency=145ms
Sep 30 09:27:15 host1 NetworkManager[1045]: WARN Disk usage on /var at 146%
Sep 30 09:27:18 host1 kernel[1046]: ERROR Accepted publickey for deploy from 10.0.0.147
Sep 30 09:27:21 host1 sshd[1047]: DEBUG Started session 148 of user app
Sep 30 09:27:24 host1 systemd[1048]: INFO Connection reset by peer
Sep 30 09:27:27 host1 nginx[1049]: WARN Reloading configuration
Sep 30 09:27:30 host1 cron[1000]: ERROR Health check ok latency=151ms
Sep 30 09:27:33 host1 NetworkManager[1001]: DEBUG Disk usage on /var at 152%
Sep 30 09:27:36 host1 kernel[1002]: INFO Accepted publickey for deploy from 10.0.0.153
Sep 30 09:27:39 host1 sshd[1003]: WARN Started session 154 of user app
Sep 30 09:27:42 host1 systemd[1004]: ERROR Connection reset by peer
Sep 30 09:27:45 host1 nginx[1005]: DEBUG Reloading configuration
Sep 30 09:27:48 host1 cron[1006]: INFO Health check ok latency=157ms
Sep 30 09:27:51 host1 NetworkManager[1007]: WARN Disk usage on /var at 158%
Sep 30 09:27:54 host1 kernel[1008]: ERROR Accepted publickey for deploy from 10.0.0.159
Sep 30 09:27:57 host1 sshd[1009]: DEBUG Started session 160 of user app
Sep 30 09:28:00 host1 systemd[1010]: INFO Connection reset by peer
Sep 30 09:28:03 host1 nginx[1011]: WARN Reloading configuration
Sep 30 09:28:06 host1 cron[1012]: ERROR Health check ok latency=163ms
Sep 30 09:28:09 host1 NetworkManager[1013]: DEBUG Disk usage on /var at 164%
Sep 30 09:28:12 host1 kernel[1014]: INFO Accepted publickey for deploy from 10.0.0.165
Sep 30 09:28:15 host1 sshd[1015]: WARN Started session 166 of user app
Sep 30 09:28:18 host1 systemd[1016]: ERROR Connection reset by peer
Sep 30 09:28:21 host1 nginx[1017]: DEBUG Reloading configuration
Sep 30 09:28:24 host1 cron[1018]: INFO Health check ok latency=169ms
Sep 30 09:28:27 host1 NetworkManager[1019]: WARN Disk usage on /var at 170%
Sep 30 09:28:30 host1 kernel[1020]: ERROR Accepted publickey for deploy from 10.0.0.171
Sep 30 09:28:33 host1 sshd[1021]: DEBUG Started session 172 of user app
Sep 30 09:28:36 host1 systemd[1022]: INFO Connection reset by peer
Sep 30 09:28:39 host1 nginx[1023]: WARN Reloading configuration
Sep 30 09:28:42 host1 cron[1024]: ERROR Health check ok latency=175ms
Sep 30 09:28:45 host1 NetworkManager[1025]: DEBUG Disk usage on /var at 176%
Sep 30 09:28:48 host1 kernel[1026]: INFO Accepted publickey for deploy from 10.0.0.177
Sep 30 09:28:51 host1 sshd[1027]: WARN Started session 178 of user app
Sep 30 09:28:54 host1 systemd[1028]: ERROR Connection reset by peer
Sep 30 09:28:57 host1 nginx[1029]: DEBUG Reloading configuration
Sep 30 09:29:00 host1 cron[1030]: INFO Health check ok latency=181ms
Sep 30 09:29:03 host1 NetworkManager[1031]: WARN Disk usage on /var at 182%
Sep 30 09:29:06 host1 kernel[1032]: ERROR Accepted publickey for deploy from 10.0.0.183
Sep 30 09:29:09 host1 sshd[1033]: DEBUG Started session 184 of user app
Sep 30 09:29:12 host1 systemd[1034]: INFO Connection reset by peer
Sep 30 09:29:15 host1 nginx[1035]: WARN Reloading configuration
Sep 30 09:29:18 host1 cron[1036]: ERROR Health check ok latency=187ms
Sep 30 09:29:21 host1 NetworkManager[1037]: DEBUG Disk usage on /var at 188%
Sep 30 09:29:24 host1 kernel[1038]: INFO Accepted publickey for deploy from 10.0.0.189
Sep 30 09:29:27 host1 sshd[1039]: WARN Started session 190 of user app
Sep 30 09:29:30 host1 systemd[1040]: ERROR Connection reset by peer
Sep 30 09:29:33 host1 nginx[1041]: DEBUG Reloading configuration
Sep 30 09:29:36 host1 cron[1042]: INFO Health check ok latency=193ms
Sep 30 09:29:39 host1 NetworkManager[1043]: WARN Disk usage on /var at 194%
Sep 30 09:29:42 host1 kernel[1044]: ERROR Accepted publickey for deploy from 10.0.0.195
Sep 30 09:29:45 host1 sshd[1045]: DEBUG Started session 196 of user app
Sep 30 09:29:48 host1 systemd[1046]: INFO Connection reset by peer
Sep 30 09:29:51 host1 nginx[1047]: WARN Reloading configuration
Sep 30 09:29:54 host1 cron[1048]: ERROR Health check ok latency=199ms
Sep 30 09:29:57 host1 NetworkManager[1049]: DEBUG Disk usage on /var at 200%
Sep 30 09:30:00 host1 kernel[1000]: INFO Accepted publickey for deploy from 10.0.0.1
Sep 30 09:30:03 host1 sshd[1001]: WARN Started session 2 of user app
Sep 30 09:30:06 host1 systemd[1002]: ERROR Connection reset by peer
Sep 30 09:30:09 host1 nginx[1003]: DEBUG Reloading configuration
Sep 30 09:30:12 host1 cron[1004]: INFO Health check ok latency=5ms
Sep 30 09:30:15 host1 NetworkManager[1005]: WARN Disk usage on /var at 6%
Sep 30 09:30:18 host1 kernel[1006]: ERROR Accepted publickey for deploy from 10.0.0.7
Sep 30 09:30:21 host1 sshd[1007]: DEBUG Started session 8 of user app
Sep 30 09:30:24 host1 systemd[1008]: INFO Connection reset by peer
Sep 30 09:30:27 host1 nginx[1009]: WARN Reloading configuration
Sep 30 09:30:30 host1 cron[1010]: ERROR Health check ok latency=11ms
Sep 30 09:30:33 host1 NetworkManager[1011]: DEBUG Disk usage on /var at 12%
Sep 30 09:30:36 host1 kernel[1012]: INFO Accepted publickey for deploy from 10.0.0.13
Sep 30 09:30:39 host1 sshd[1013]: WARN Started session 14 of user app
Sep 30 09:30:42 host1 systemd[1014]: ERROR Connection reset by peer
Sep 30 09:30:45 host1 nginx[1015]: DEBUG Reloading configuration
Sep 30 09:30:48 host1 cron[1016]: INFO Health check ok latency=17ms
Sep 30 09:30:51 host1 NetworkManager[1017]: WARN Disk usage on /var at 18%
Sep 30 09:30:54 host1 kernel[1018]: ERROR Accepted publickey for deploy from 10.0.0.19
Sep 30 09:30:57 host1 sshd[1019]: DEBUG Started session 20 of user app
Sep 30 09:31:00 host1 systemd[1020]: INFO Connection reset by peer
Sep 30 09:31:03 host1 nginx[1021]: WARN Reloading configuration
Sep 30 09:31:06 host1 cron[1022]: ERROR Health check ok latency=23ms
Sep 30 09:31:09 host1 NetworkManager[1023]: DEBUG Disk usage on /var at 24%
Sep 30 09:31:12 host1 kernel[1024]: INFO Accepted publickey for deploy from 10.0.0.25
Sep 30 09:31:15 host1 sshd[1025]: WARN Started session 26 of user app
Sep 30 09:31:18 host1 systemd[1026]: ERROR Connection reset by peer
Sep 30 09:31:21 host1 nginx[1027]: DEBUG Reloading configuration
Sep 30 09:31:24 host1 cron[1028]: INFO Health check ok latency=29ms
Sep 30 09:31:27 host1 NetworkManager[1029]: WARN Disk usage on /var at 30%
Sep 30 09:31:30 host1 kernel[1030]: ERROR Accepted publickey for deploy from 10.0.0.31
Sep 30 09:31:33 host1 sshd[1031]: DEBUG Started session 32 of user app
Sep 30 09:31:36 host1 systemd[1032]: INFO Connection reset by peer
Sep 30 09:31:39 host1 nginx[1033]: WARN Reloading configuration
Sep 30 09:31:42 host1 cron[1034]: ERROR Health check ok latency=35ms
Sep 30 09:31:45 host1 NetworkManager[1035]: DEBUG Disk usage on /var at 36%
Sep 30 09:31:48 host1 kernel[1036]: INFO Accepted publickey for deploy from 10.0.0.37
Sep 30 09:31:51 host1 sshd[1037]: WARN Started session 38 of user app
Sep 30 09:31:54 host1 systemd[1038]: ERROR Connection reset by peer
Sep 30 09:31:57 host1 nginx[1039]: DEBUG Reloading configuration
Sep 30 09:32:00 host1 cron[1040]: INFO Health check ok latency=41ms
Sep 30 09:32:03 host1 NetworkManager[1041]: WARN Disk usage on /var at 42%
Sep 30 09:32:06 host1 kernel[1042]: ERROR Accepted publickey for deploy from 10.0.0.43
Sep 30 09:32:09 host1 sshd[1043]: DEBUG Started session 44 of user app
Sep 30 09:32:12 host1 systemd[1044]: INFO Connection reset by peer
Sep 30 09:32:15 host1 nginx[1045]: WARN Reloading configuration
Sep 30 09:32:18 host1 cron[1046]: ERROR Health check ok latency=47ms
Sep 30 09:32:21 host1 NetworkManager[1047]: DEBUG Disk usage on /var at 48%
Sep 30 09:32:24 host1 kernel[1048]: INFO Accepted publickey for deploy from 10.0.0.49
Sep 30 09:32:27 host1 sshd[1049]: WARN Started session 50 of user app
Sep 30 09:32:30 host1 systemd[1000]: ERROR Connection reset by peer
Sep 30 09:32:33 host1 nginx[1001]: DEBUG Reloading configuration
Sep 30 09:32:36 host1 cron[1002]: INFO Health check ok latency=53ms
Sep 30 09:32:39 host1 NetworkManager[1003]: WARN Disk usage on /var at 54%
Sep 30 09:32:42 host1 kernel[1004]: ERROR Accepted publickey for deploy from 10.0.0.55
Sep 30 09:32:45 host1 sshd[1005]: DEBUG Started session 56 of user app
Sep 30 09:32:48 host1 systemd[1006]: INFO Connection reset by peer
Sep 30 09:32:51 host1 nginx[1007]: WARN Reloading configuration
Sep 30 09:32:54 host1 cron[1008]: ERROR Health check ok latency=59ms
Sep 30 09:32:57 host1 NetworkManager[1009]: DEBUG Disk usage on /var at 60%
Sep 30 09:33:00 host1 kernel[1010]: INFO Accepted publickey for deploy from 10.0.0.61
Sep 30 09:33:03 host1 sshd[1011]: WARN Started session 62 of user app
Sep 30 09:33:06 host1 systemd[1012]: ERROR Connection reset by peer
Sep 30 09:33:09 host1 nginx[1013]: DEBUG Reloading configuration
Sep 30 09:33:12 host1 cron[1014]: INFO Health check ok latency=65ms
Sep 30 09:33:15 host1 NetworkManager[1015]: WARN Disk usage on /var at 66%
Sep 30 09:33:18 host1 kernel[1016]: ERROR Accepted publickey for deploy from 10.0.0.67
Sep 30 09:33:21 host1 sshd[1017]: DEBUG Started session 68 of user app
Sep 30 09:33:24 host1 systemd[1018]: INFO Connection reset by peer
Sep 30 09:33:27 host1 nginx[1019]: WARN Reloading configuration
Sep 30 09:33:30 host1 cron[1020]: ERROR Health check ok latency=71ms
Sep 30 09:33:33 host1 NetworkManager[1021]: DEBUG Disk usage on /var at 72%
Sep 30 09:33:36 host1 kernel[1022]: INFO Accepted publickey for deploy from 10.0.0.73
Sep 30 09:33:39 host1 sshd[1023]: WARN Started session 74 of user app
Sep 30 09:33:42 host1 systemd[1024]: ERROR Connection reset by peer
Sep 30 09:33:45 host1 nginx[1025]: DEBUG Reloading configuration
Sep 30 09:33:48 host1 cron[1026]: INFO Health check ok latency=77ms
Sep 30 09:33:51 host1 NetworkManager[1027]: WARN Disk usage on /var at 78%
Sep 30 09:33:54 host1 kernel[1028]: ERROR Accepted publickey for deploy from 10.0.0.79
Sep 30 09:33:57 host1 sshd[1029]: DEBUG Started session 80 of user app
Sep 30 09:34:00 host1 systemd[1030]: INFO Connection reset by peer
Sep 30 09:34:03 host1 nginx[1031]: WARN Reloading configuration
Sep 30 09:34:06 host1 cron[1032]: ERROR Health check ok latency=83ms
Sep 30 09:34:09 host1 NetworkManager[1033]: DEBUG Disk usage on /var at 84%
Sep 30 09:34:12 host1 kernel[1034]: INFO Accepted publickey for deploy from 10.0.0.85
Sep 30 09:34:15 host1 sshd[1035]: WARN Started session 86 of user app
Sep 30 09:34:18 host1 systemd[1036]: ERROR Connection reset by peer
Sep 30 09:34:21 host1 nginx[1037]: DEBUG Reloading configuration
Sep 30 09:34:24 host1 cron[1038]: INFO Health check ok latency=89ms
Sep 30 09:34:27 host1 NetworkManager[1039]: WARN Disk usage on /var at 90%
Sep 30 09:34:30 host1 kernel[1040]: ERROR Accepted publickey for deploy from 10.0.0.91
Sep 30 09:34:33 host1 sshd[1041]: DEBUG Started session 92 of user app
Sep 30 09:34:36 host1 systemd[1042]: INFO Connection reset by peer
Sep 30 09:34:39 host1 nginx[1043]: WARN Reloading configuration
Sep 30 09:34:42 host1 cron[1044]: ERROR Health check ok latency=95ms
Sep 30 09:34:45 host1 NetworkManager[1045]: DEBUG Disk usage on /var at 96%
Sep 30 09:34:48 host1 kernel[1046]: INFO Accepted publickey for deploy from 10.0.0.97
Sep 30 09:34:51 host1 sshd[1047]: WARN Started session 98 of user app
Sep 30 09:34:54 host1 systemd[1048]: ERROR Connection reset by peer
Sep 30 09:34:57 host1 nginx[1049]: DEBUG Reloading configuration
Sep 30 09:35:00 host1 cron[1000]: INFO Health check ok latency=101ms
Sep 30 09:35:03 host1 NetworkManager[1001]: WARN Disk usage on /var at 102%
Sep 30 09:35:06 host1 kernel[1002]: ERROR Accepted publickey for deploy from 10.0.0.103
Sep 30 09:35:09 host1 sshd[1003]: DEBUG Started session 104 of user app
Sep 30 09:35:12 host1 systemd[1004]: INFO Connection reset by peer
Sep 30 09:35:15 host1 nginx[1005]: WARN Reloading configuration
Sep 30 09:35:18 host1 cron[1006]: ERROR Health check ok latency=107ms
Sep 30 09:35:21 host1 NetworkManager[1007]: DEBUG Disk usage on /var at 108%
Sep 30 09:35:24 host1 kernel[1008]: INFO Accepted publickey for deploy from 10.0.0.109
Sep 30 09:35:27 host1 sshd[1009]: WARN Started session 110 of user app
Sep 30 09:35:30 host1 systemd[1010]: ERROR Connection reset by peer
Sep 30 09:35:33 host1 nginx[1011]: DEBUG Reloading configuration
Sep 30 09:35:36 host1 cron[1012]: INFO Health check ok latency=113ms
Sep 30 09:35:39 host1 NetworkManager[1013]: WARN Disk usage on /var at 114%
Sep 30 09:35:42 host1 kernel[1014]: ERROR Accepted publickey for deploy from 10.0.0.115
Sep 30 09:35:45 host1 sshd[1015]: DEBUG Started session 116 of user app
Sep 30 09:35:48 host1 systemd[1016]: INFO Connection reset by peer
Sep 30 09:35:51 host1 nginx[1017]: WARN Reloading configuration
Sep 30 09:35:54 host1 cron[1018]: ERROR Health check ok latency=119ms
Sep 30 09:35:57 host1 NetworkManager[1019]: DEBUG Disk usage on /var at 120%
Sep 30 09:36:00 host1 kernel[1020]: INFO Accepted publickey for deploy from 10.0.0.121
Sep 30 09:36:03 host1 sshd[1021]: WARN Started session 122 of user app
Sep 30 09:36:06 host1 systemd[1022]: ERROR Connection reset by peer
Sep 30 09:36:09 host1 nginx[1023]: DEBUG Reloading configuration
Sep 30 09:36:12 host1 cron[1024]: INFO Health check ok latency=125ms
Sep 30 09:36:15 host1 NetworkManager[1025]: WARN Disk usage on /var at 126%
Sep 30 09:36:18 host1 kernel[1026]: ERROR Accepted publickey for deploy from 10.0.0.127
Sep 30 09:36:21 host1 sshd[1027]: DEBUG Started session 128 of user app
Sep 30 09:36:24 host1 systemd[1028]: INFO Connection reset by peer
Sep 30 09:36:27 host1 nginx[1029]: WARN Reloading configuration
Sep 30 09:36:30 host1 cron[1030]: ERROR Health check ok latency=131ms
Sep 30 09:36:33 host1 NetworkManager[1031]: DEBUG Disk usage on /var at 132%
Sep 30 09:36:36 host1 kernel[1032]: INFO Accepted publickey for deploy from 10.0.0.133
Sep 30 09:36:39 host1 sshd[1033]: WARN Started session 134 of user app
Sep 30 09:36:42 host1 systemd[1034]: ERROR Connection reset by peer
Sep 30 09:36:45 host1 nginx[1035]: DEBUG Reloading configuration
Sep 30 09:36:48 host1 cron[1036]: INFO Health check ok latency=137ms
Sep 30 09:36:51 host1 NetworkManager[1037]: WARN Disk usage on /var at 138%
Sep 30 09:36:54 host1 kernel[1038]: ERROR Accepted publickey for deploy from 10.0.0.139
Sep 30 09:36:57 host1 sshd[1039]: DEBUG Started session 140 of user app
Sep 30 09:37:00 host1 systemd[1040]: INFO Connection reset by peer
Sep 30 09:37:03 host1 nginx[1041]: WARN Reloading configuration
Sep 30 09:37:06 host1 cron[1042]: ERROR Health check ok latency=143ms
Sep 30 09:37:09 host1 NetworkManager[1043]: DEBUG Disk usage on /var at 144%
Sep 30 09:37:12 host1 kernel[1044]: INFO Accepted publickey for deploy from 10.0.0.145
Sep 30 09:37:15 host1 sshd[1045]: WARN Started session 146 of user app
Sep 30 09:37:18 host1 systemd[1046]: ERROR Connection reset by peer
Sep 30 09:37:21 host1 nginx[1047]: DEBUG Reloading configuration
Sep 30 09:37:24 host1 cron[1048]: INFO Health check ok latency=149ms
Sep 30 09:37:27 host1 NetworkManager[1049]: WARN Disk usage on /var at 150%
Sep 30 09:37:30 host1 kernel[1000]: ERROR Accepted publickey for deploy from 10.0.0.151
Sep 30 09:37:33 host1 sshd[1001]: DEBUG Started session 152 of user app
Sep 30 09:37:36 host1 systemd[1002]: INFO Connection reset by peer
Sep 30 09:37:39 host1 nginx[1003]: WARN Reloading configuration
Sep 30 09:37:42 host1 cron[1004]: ERROR Health check ok latency=155ms
Sep 30 09:37:45 host1 NetworkManager[1005]: DEBUG Disk usage on /var at 156%
Sep 30 09:37:48 host1 kernel[1006]: INFO Accepted publickey for deploy from 10.0.0.157
Sep 30 09:37:51 host1 sshd[1007]: WARN Started session 158 of user app
Sep 30 09:37:54 host1 systemd[1008]: ERROR Connection reset by peer
Sep 30 09:37:57 host1 nginx[1009]: DEBUG Reloading configuration
Sep 30 09:38:00 host1 cron[1010]: INFO Health check ok latency=161ms
Sep 30 09:38:03 host1 NetworkManager[1011]: WARN Disk usage on /var at 162%
Sep 30 09:38:06 host1 kernel[1012]: ERROR Accepted publickey for deploy from 10.0.0.163
Sep 30 09:38:09 host1 sshd[1013]: DEBUG Started session 164 of user app
Sep 30 09:38:12 host1 systemd[1014]: INFO Connection reset by peer
Sep 30 09:38:15 host1 nginx[1015]: WARN Reloading configuration
Sep 30 09:38:18 host1 cron[1016]: ERROR Health check ok latency=167ms
Sep 30 09:38:21 host1 NetworkManager[1017]: DEBUG Disk usage on /var at 168%
Sep 30 09:38:24 host1 kernel[1018]: INFO Accepted publickey for deploy from 10.0.0.169
Sep 30 09:38:27 host1 sshd[1019]: WARN Started session 170 of user app
Sep 30 09:38:30 host1 systemd[1020]: ERROR Connection reset by peer
Sep 30 09:38:33 host1 nginx[1021]: DEBUG Reloading configuration
Sep 30 09:38:36 host1 cron[1022]: INFO Health check ok latency=173ms
Sep 30 09:38:39 host1 NetworkManager[1023]: WARN Disk usage on /var at 174%
Sep 30 09:38:42 host1 kernel[1024]: ERROR Accepted publickey for deploy from 10.0.0.175
Sep 30 09:38:45 host1 sshd[1025]: DEBUG Started session 176 of user app
Sep 30 09:38:48 host1 systemd[1026]: INFO Connection reset by peer
Sep 30 09:38:51 host1 nginx[1027]: WARN Reloading configuration
Sep 30 09:38:54 host1 cron[1028]: ERROR Health check ok latency=179ms
Sep 30 09:38:57 host1 NetworkManager[1029]: DEBUG Disk usage on /var at 180%
Sep 30 09:39:00 host1 kernel[1030]: INFO Accepted publickey for deploy from 10.0.0.181
Sep 30 09:39:03 host1 sshd[1031]: WARN Started session 182 of user app
Sep 30 09:39:06 host1 systemd[1032]: ERROR Connection reset by peer
Sep 30 09:39:09 host1 nginx[1033]: DEBUG Reloading configuration
Sep 30 09:39:12 host1 cron[1034]: INFO Health check ok latency=185ms
Sep 30 09:39:15 host1 NetworkManager[1035]: WARN Disk usage on /var at 186%
Sep 30 09:39:18 host1 kernel[1036]: ERROR Accepted publickey for deploy from 10.0.0.187
Sep 30 09:39:21 host1 sshd[1037]: DEBUG Started session 188 of user app
Sep 30 09:39:24 host1 systemd[1038]: INFO Connection reset by peer
Sep 30 09:39:27 host1 nginx[1039]: WARN Reloading configuration
Sep 30 09:39:30 host1 cron[1040]: ERROR Health check ok latency=191ms
Sep 30 09:39:33 host1 NetworkManager[1041]: DEBUG Disk usage on /var at 192%
Sep 30 09:39:36 host1 kernel[1042]: INFO Accepted publickey for deploy from 10.0.0.193
Sep 30 09:39:39 host1 sshd[1043]: WARN Started session 194 of user app
Sep 30 09:39:42 host1 systemd[1044]: ERROR Connection reset by peer
Sep 30 09:39:45 host1 nginx[1045]: DEBUG Reloading configuration
Sep 30 09:39:48 host1 cron[1046]: INFO Health check ok latency=197ms
Sep 30 09:39:51 host1 NetworkManager[1047]: WARN Disk usage on /var at 198%
Sep 30 09:39:54 host1 kernel[1048]: ERROR Accepted publickey for deploy from 10.0.0.199
Sep 30 09:39:57 host1 sshd[1049]: DEBUG Started session 200 of user app
Sep 30 09:40:00 host1 systemd[1000]: INFO Connection reset by peer
Sep 30 09:40:03 host1 nginx[1001]: WARN Reloading configuration
Sep 30 09:40:06 host1 cron[1002]: ERROR Health check ok latency=3ms
Sep 30 09:40:09 host1 NetworkManager[1003]: DEBUG Disk usage on /var at 4%
Sep 30 09:40:12 host1 kernel[1004]: INFO Accepted publickey for deploy from 10.0.0.5
Sep 30 09:40:15 host1 sshd[1005]: WARN Started session 6 of user app
Sep 30 09:40:18 host1 systemd[1006]: ERROR Connection reset by peer
Sep 30 09:40:21 host1 nginx[1007]: DEBUG Reloading configuration
Sep 30 09:40:24 host1 cron[1008]: INFO Health check ok latency=9ms
Sep 30 09:40:27 host1 NetworkManager[1009]: WARN Disk usage on /var at 10%
Sep 30 09:40:30 host1 kernel[1010]: ERROR Accepted publickey for deploy from 10.0.0.11
Sep 30 09:40:33 host1 sshd[1011]: DEBUG Started session 12 of user app
Sep 30 09:40:36 host1 systemd[1012]: INFO Connection reset by peer
Sep 30 09:40:39 host1 nginx[1013]: WARN Reloading configuration
Sep 30 09:40:42 host1 cron[1014]: ERROR Health check ok latency=15ms
Sep 30 09:40:45 host1 NetworkManager[1015]: DEBUG Disk usage on /var at 16%
Sep 30 09:40:48 host1 kernel[1016]: INFO Accepted publickey for deploy from 10.0.0.17
Sep 30 09:40:51 host1 sshd[1017]: WARN Started session 18 of user app
Sep 30 09:40:54 host1 systemd[1018]: ERROR Connection reset by peer
Sep 30 09:40:57 host1 nginx[1019]: DEBUG Reloading configuration
Sep 30 09:41:00 host1 cron[1020]: INFO Health check ok latency=21ms
Sep 30 09:41:03 host1 NetworkManager[1021]: WARN Disk usage on /var at 22%
Sep 30 09:41:06 host1 kernel[1022]: ERROR Accepted publickey for deploy from 10.0.0.23
Sep 30 09:41:09 host1 sshd[1023]: DEBUG Started session 24 of user app
Sep 30 09:41:12 host1 systemd[1024]: INFO Connection reset by peer
Sep 30 09:41:15 host1 nginx[1025]: WARN Reloading configuration
Sep 30 09:41:18 host1 cron[1026]: ERROR Health check ok latency=27ms
Sep 30 09:41:21 host1 NetworkManager[1027]: DEBUG Disk usage on /var at 28%
Sep 30 09:41:24 host1 kernel[1028]: INFO Accepted publickey for deploy from 10.0.0.29
Sep 30 09:41:27 host1 sshd[1029]: WARN Started session 30 of user app
Sep 30 09:41:30 host1 systemd[1030]: ERROR Connection reset by peer
Sep 30 09:41:33 host1 nginx[1031]: DEBUG Reloading configuration
Sep 30 09:41:36 host1 cron[1032]: INFO Health check ok latency=33ms
Sep 30 09:41:39 host1 NetworkManager[1033]: WARN Disk usage on /var at 34%
Sep 30 09:41:42 host1 kernel[1034]: ERROR Accepted publickey for deploy from 10.0.0.35
Sep 30 09:41:45 host1 sshd[1035]: DEBUG Started session 36 of user app
Sep 30 09:41:48 host1 systemd[1036]: INFO Connection reset by peer
Sep 30 09:41:51 host1 nginx[1037]: WARN Reloading configuration
Sep 30 09:41:54 host1 cron[1038]: ERROR Health check ok latency=39ms
Sep 30 09:41:57 host1 NetworkManager[1039]: DEBUG Disk usage on /var at 40%
Sep 30 09:42:00 host1 kernel[1040]: INFO Accepted publickey for deploy from 10.0.0.41
Sep 30 09:42:03 host1 sshd[1041]: WARN Started session 42 of user app
Sep 30 09:42:06 host1 systemd[1042]: ERROR Connection reset by peer
Sep 30 09:42:09 host1 nginx[1043]: DEBUG Reloading configuration
Sep 30 09:42:12 host1 cron[1044]: INFO Health check ok latency=45ms
Sep 30 09:42:15 host1 NetworkManager[1045]: WARN Disk usage on /var at 46%
Sep 30 09:42:18 host1 kernel[1046]: ERROR Accepted publickey for deploy from 10.0.0.47
Sep 30 09:42:21 host1 sshd[1047]: DEBUG Started session 48 of user app
Sep 30 09:42:24 host1 systemd[1048]: INFO Connection reset by peer
Sep 30 09:42:27 host1 nginx[1049]: WARN Reloading configuration
Sep 30 09:42:30 host1 cron[1000]: ERROR Health check ok latency=51ms
Sep 30 09:42:33 host1 NetworkManager[1001]: DEBUG Disk usage on /var at 52%
Sep 30 09:42:36 host1 kernel[1002]: INFO Accepted publickey for deploy from 10.0.0.53
Sep 30 09:42:39 host1 sshd[1003]: WARN Started session 54 of user app
Sep 30 09:42:42 host1 systemd[1004]: ERROR Connection reset by peer
Sep 30 09:42:45 host1 nginx[1005]: DEBUG Reloading configuration
Sep 30 09:42:48 host1 cron[1006]: INFO Health check ok latency=57ms
Sep 30 09:42:51 host1 NetworkManager[1007]: WARN Disk usage on /var at 58%
Sep 30 09:42:54 host1 kernel[1008]: ERROR Accepted publickey for deploy from 10.0.0.59
Sep 30 09:42:57 host1 sshd[1009]: DEBUG Started session 60 of user app
Sep 30 09:43:00 host1 systemd[1010]: INFO Connection reset by peer
Sep 30 09:43:03 host1 nginx[1011]: WARN Reloading configuration
Sep 30 09:43:06 host1 cron[1012]: ERROR Health check ok latency=63ms
Sep 30 09:43:09 host1 NetworkManager[1013]: DEBUG Disk usage on /var at 64%
Sep 30 09:43:12 host1 kernel[1014]: INFO Accepted publickey for deploy from 10.0.0.65
Sep 30 09:43:15 host1 sshd[1015]: WARN Started session 66 of user app
Sep 30 09:43:18 host1 systemd[1016]: ERROR Connection reset by peer
Sep 30 09:43:21 host1 nginx[1017]: DEBUG Reloading configuration
Sep 30 09:43:24 host1 cron[1018]: INFO Health check ok latency=69ms
Sep 30 09:43:27 host1 NetworkManager[1019]: WARN Disk usage on /var at 70%
Sep 30 09:43:30 host1 kernel[1020]: ERROR Accepted publickey for deploy from 10.0.0.71
Sep 30 09:43:33 host1 sshd[1021]: DEBUG Started session 72 of user app
Sep 30 09:43:36 host1 systemd[1022]: INFO Connection reset by peer
Sep 30 09:43:39 host1 nginx[1023]: WARN Reloading configuration
Sep 30 09:43:42 host1 cron[1024]: ERROR Health check ok latency=75ms
Sep 30 09:43:45 host1 NetworkManager[1025]: DEBUG Disk usage on /var at 76%
Sep 30 09:43:48 host1 kernel[1026]: INFO Accepted publickey for deploy from 10.0.0.77
Sep 30 09:43:51 host1 sshd[1027]: WARN Started session 78 of user app
Sep 30 09:43:54 host1 systemd[1028]: ERROR Connection reset by peer
Sep 30 09:43:57 host1 nginx[1029]: DEBUG Reloading configuration
Sep 30 09:44:00 host1 cron[1030]: INFO Health check ok latency=81ms
Sep 30 09:44:03 host1 NetworkManager[1031]: WARN Disk usage on /var at 82%
Sep 30 09:44:06 host1 kernel[1032]: ERROR Accepted publickey for deploy from 10.0.0.83
Sep 30 09:44:09 host1 sshd[1033]: DEBUG Started session 84 of user app
Sep 30 09:44:12 host1 systemd[1034]: INFO Connection reset by peer
Sep 30 09:44:15 host1 nginx[1035]: WARN Reloading configuration
Sep 30 09:44:18 host1 cron[1036]: ERROR Health check ok latency=87ms
Sep 30 09:44:21 host1 NetworkManager[1037]: DEBUG Disk usage on /var at 88%
Sep 30 09:44:24 host1 kernel[1038]: INFO Accepted publickey for deploy from 10.0.0.89
Sep 30 09:44:27 host1 sshd[1039]: WARN Started session 90 of user app
Sep 30 09:44:30 host1 systemd[1040]: ERROR Connection reset by peer
Sep 30 09:44:33 host1 nginx[1041]: DEBUG Reloading configuration
Sep 30 09:44:36 host1 cron[1042]: INFO Health check ok latency=93ms
Sep 30 09:44:39 host1 NetworkManager[1043]: WARN Disk usage on /var at 94%
Sep 30 09:44:42 host1 kernel[1044]: ERROR Accepted publickey for deploy from 10.0.0.95
Sep 30 09:44:45 host1 sshd[1045]: DEBUG Started session 96 of user app
Sep 30 09:44:48 host1 systemd[1046]: INFO Connection reset by peer
Sep 30 09:44:51 host1 nginx[1047]: WARN Reloading configuration
Sep 30 09:44:54 host1 cron[1048]: ERROR Health check ok latency=99ms
Sep 30 09:44:57 host1 NetworkManager[1049]: DEBUG Disk usage on /var at 100%
Sep 30 09:45:00 host1 kernel[1000]: INFO Accepted publickey for deploy from 10.0.0.101
Sep 30 09:45:03 host1 sshd[1001]: WARN Started session 102 of user app
Sep 30 09:45:06 host1 systemd[1002]: ERROR Connection reset by peer
Sep 30 09:45:09 host1 nginx[1003]: DEBUG Reloading configuration
Sep 30 09:45:12 host1 cron[1004]: INFO Health check ok latency=105ms
Sep 30 09:45:15 host1 NetworkManager[1005]: WARN Disk usage on /var at 106%
Sep 30 09:45:18 host1 kernel[1006]: ERROR Accepted publickey for deploy from 10.0.0.107
Sep 30 09:45:21 host1 sshd[1007]: DEBUG Started session 108 of user app
Sep 30 09:45:24 host1 systemd[1008]: INFO Connection reset by peer
Sep 30 09:45:27 host1 nginx[1009]: WARN Reloading configuration
Sep 30 09:45:30 host1 cron[1010]: ERROR Health check ok latency=111ms
Sep 30 09:45:33 host1 NetworkManager[1011]: DEBUG Disk usage on /var at 112%
Sep 30 09:45:36 host1 kernel[1012]: INFO Accepted publickey for deploy from 10.0.0.113
Sep 30 09:45:39 host1 sshd[1013]: WARN Started session 114 of user app
Sep 30 09:45:42 host1 systemd[1014]: ERROR Connection reset by peer
Sep 30 09:45:45 host1 nginx[1015]: DEBUG Reloading configuration
Sep 30 09:45:48 host1 cron[1016]: INFO Health check ok latency=117ms
Sep 30 09:45:51 host1 NetworkManager[1017]: WARN Disk usage on /var at 118%
Sep 30 09:45:54 host1 kernel[1018]: ERROR Accepted publickey for deploy from 10.0.0.119
Sep 30 09:45:57 host1 sshd[1019]: DEBUG Started session 120 of user app
Sep 30 09:46:00 host1 systemd[1020]: INFO Connection reset by peer
Sep 30 09:46:03 host1 nginx[1021]: WARN Reloading configuration
Sep 30 09:46:06 host1 cron[1022]: ERROR Health check ok latency=123ms
Sep 30 09:46:09 host1 NetworkManager[1023]: DEBUG Disk usage on /var at 124%
Sep 30 09:46:12 host1 kernel[1024]: INFO Accepted publickey for deploy from 10.0.0.125
Sep 30 09:46:15 host1 sshd[1025]: WARN Started session 126 of user app
Sep 30 09:46:18 host1 systemd[1026]: ERROR Connection reset by peer
Sep 30 09:46:21 host1 nginx[1027]: DEBUG Reloading configuration
Sep 30 09:46:24 host1 cron[1028]: INFO Health check ok latency=129ms
Sep 30 09:46:27 host1 NetworkManager[1029]: WARN Disk usage on /var at 130%
Sep 30 09:46:30 host1 kernel[1030]: ERROR Accepted publickey for deploy from 10.0.0.131
Sep 30 09:46:33 host1 sshd[1031]: DEBUG Started session 132 of user app
Sep 30 09:46:36 host1 systemd[1032]: INFO Connection reset by peer
Sep 30 09:46:39 host1 nginx[1033]: WARN Reloading configuration
Sep 30 09:46:42 host1 cron[1034]: ERROR Health check ok latency=135ms
Sep 30 09:46:45 host1 NetworkManager[1035]: DEBUG Disk usage on /var at 136%
Sep 30 09:46:48 host1 kernel[1036]: INFO Accepted publickey for deploy from 10.0.0.137
Sep 30 09:46:51 host1 sshd[1037]: WARN Started session 138 of user app
Sep 30 09:46:54 host1 systemd[1038]: ERROR Connection reset by peer
Sep 30 09:46:57 host1 nginx[1039]: DEBUG Reloading configuration
Sep 30 09:47:00 host1 cron[1040]: INFO Health check ok latency=141ms
Sep 30 09:47:03 host1 NetworkManager[1041]: WARN Disk usage on /var at 142%
Sep 30 09:47:06 host1 kernel[1042]: ERROR Accepted publickey for deploy from 10.0.0.143
Sep 30 09:47:09 host1 sshd[1043]: DEBUG Started session 144 of user app
Sep 30 09:47:12 host1 systemd[1044]: INFO Connection reset by peer
Sep 30 09:47:15 host1 nginx[1045]: WARN Reloading configuration
Sep 30 09:47:18 host1 cron[1046]: ERROR Health check ok latency=147ms
Sep 30 09:47:21 host1 NetworkManager[1047]: DEBUG Disk usage on /var at 148%
Sep 30 09:47:24 host1 kernel[1048]: INFO Accepted publickey for deploy from 10.0.0.149
Sep 30 09:47:27 host1 sshd[1049]: WARN Started session 150 of user app
Sep 30 09:47:30 host1 systemd[1000]: ERROR Connection reset by peer
Sep 30 09:47:33 host1 nginx[1001]: DEBUG Reloading configuration
Sep 30 09:47:36 host1 cron[1002]: INFO Health check ok latency=153ms
Sep 30 09:47:39 host1 NetworkManager[1003]: WARN Disk usage on /var at 154%
Sep 30 09:47:42 host1 kernel[1004]: ERROR Accepted publickey for deploy from 10.0.0.155
Sep 30 09:47:45 host1 sshd[1005]: DEBUG Started session 156 of user app
Sep 30 09:47:48 host1 systemd[1006]: INFO Connection reset by peer
Sep 30 09:47:51 host1 nginx[1007]: WARN Reloading configuration
Sep 30 09:47:54 host1 cron[1008]: ERROR Health check ok latency=159ms
Sep 30 09:47:57 host1 NetworkManager[1009]: DEBUG Disk usage on /var at 160%
Sep 30 09:48:00 host1 kernel[1010]: INFO Accepted publickey for deploy from 10.0.0.161
Sep 30 09:48:03 host1 sshd[1011]: WARN Started session 162 of user app
Sep 30 09:48:06 host1 systemd[1012]: ERROR Connection reset by peer
Sep 30 09:48:09 host1 nginx[1013]: DEBUG Reloading configuration
Sep 30 09:48:12 host1 cron[1014]: INFO Health check ok latency=165ms
Sep 30 09:48:15 host1 NetworkManager[1015]: WARN Disk usage on /var at 166%
Sep 30 09:48:18 host1 kernel[1016]: ERROR Accepted publickey for deploy from 10.0.0.167
Sep 30 09:48:21 host1 sshd[1017]: DEBUG Started session 168 of user app
Sep 30 09:48:24 host1 systemd[1018]: INFO Connection reset by peer
Sep 30 09:48:27 host1 nginx[1019]: WARN Reloading configuration
Sep 30 09:48:30 host1 cron[1020]: ERROR Health check ok latency=171ms
Sep 30 09:48:33 host1 NetworkManager[1021]: DEBUG Disk usage on /var at 172%
Sep 30 09:48:36 host1 kernel[1022]: INFO Accepted publickey for deploy from 10.0.0.173
Sep 30 09:48:39 host1 sshd[1023]: WARN Started session 174 of user app
Sep 30 09:48:42 host1 systemd[1024]: ERROR Connection reset by peer
Sep 30 09:48:45 host1 nginx[1025]: DEBUG Reloading configuration
Sep 30 09:48:48 host1 cron[1026]: INFO Health check ok latency=177ms
Sep 30 09:48:51 host1 NetworkManager[1027]: WARN Disk usage on /var at 178%
Sep 30 09:48:54 host1 kernel[1028]: ERROR Accepted publickey for deploy from 10.0.0.179
Sep 30 09:48:57 host1 sshd[1029]: DEBUG Started session 180 of user app
Sep 30 09:49:00 host1 systemd[1030]: INFO Connection reset by peer
Sep 30 09:49:03 host1 nginx[1031]: WARN Reloading configuration
Sep 30 09:49:06 host1 cron[1032]: ERROR Health check ok latency=183ms
Sep 30 09:49:09 host1 NetworkManager[1033]: DEBUG Disk usage on /var at 184%
Sep 30 09:49:12 host1 kernel[1034]: INFO Accepted publickey for deploy from 10.0.0.185
Sep 30 09:49:15 host1 sshd[1035]: WARN Started session 186 of user app
Sep 30 09:49:18 host1 systemd[1036]: ERROR Connection reset by peer
Sep 30 09:49:21 host1 nginx[1037]: DEBUG Reloading configuration
Sep 30 09:49:24 host1 cron[1038]: INFO Health check ok latency=189ms
Sep 30 09:49:27 host1 NetworkManager[1039]: WARN Disk usage on /var at 190%
Sep 30 09:49:30 host1 kernel[1040]: ERROR Accepted publickey for deploy from 10.0.0.191
Sep 30 09:49:33 host1 sshd[1041]: DEBUG Started session 192 of user app
Sep 30 09:49:36 host1 systemd[1042]: INFO Connection reset by peer
Sep 30 09:49:39 host1 nginx[1043]: WARN Reloading configuration
Sep 30 09:49:42 host1 cron[1044]: ERROR Health check ok latency=195ms
Sep 30 09:49:45 host1 NetworkManager[1045]: DEBUG Disk usage on /var at 196%
Sep 30 09:49:48 host1 kernel[1046]: INFO Accepted publickey for deploy from 10.0.0.197
Sep 30 09:49:51 host1 sshd[1047]: WARN Started session 198 of user app
Sep 30 09:49:54 host1 systemd[1048]: ERROR Connection reset by peer
Sep 30 09:49:57 host1 nginx[1049]: DEBUG Reloading configuration
Sep 30 09:50:00 host1 cron[1000]: INFO Health check ok latency=1ms
Sep 30 09:50:03 host1 NetworkManager[1001]: WARN Disk usage on /var at 2%
Sep 30 09:50:06 host1 kernel[1002]: ERROR Accepted publickey for deploy from 10.0.0.3
Sep 30 09:50:09 host1 sshd[1003]: DEBUG Started session 4 of user app
Sep 30 09:50:12 host1 systemd[1004]: INFO Connection reset by peer
Sep 30 09:50:15 host1 nginx[1005]: WARN Reloading configuration
Sep 30 09:50:18 host1 cron[1006]: ERROR Health check ok latency=7ms
Sep 30 09:50:21 host1 NetworkManager[1007]: DEBUG Disk usage on /var at 8%
Sep 30 09:50:24 host1 kernel[1008]: INFO Accepted publickey for deploy from 10.0.0.9
Sep 30 09:50:27 host1 sshd[1009]: WARN Started session 10 of user app
Sep 30 09:50:30 host1 systemd[1010]: ERROR Connection reset by peer
Sep 30 09:50:33 host1 nginx[1011]: DEBUG Reloading configuration
Sep 30 09:50:36 host1 cron[1012]: INFO Health check ok latency=13ms
Sep 30 09:50:39 host1 NetworkManager[1013]: WARN Disk usage on /var at 14%
Sep 30 09:50:42 host1 kernel[1014]: ERROR Accepted publickey for deploy from 10.0.0.15
Sep 30 09:50:45 host1 sshd[1015]: DEBUG Started session 16 of user app
Sep 30 09:50:48 host1 systemd[1016]: INFO Connection reset by peer
Sep 30 09:50:51 host1 nginx[1017]: WARN Reloading configuration
Sep 30 09:50:54 host1 cron[1018]: ERROR Health check ok latency=19ms
Sep 30 09:50:57 host1 NetworkManager[1019]: DEBUG Disk usage on /var at 20%
Sep 30 09:51:00 host1 kernel[1020]: INFO Accepted publickey for deploy from 10.0.0.21
Sep 30 09:51:03 host1 sshd[1021]: WARN Started session 22 of user app
Sep 30 09:51:06 host1 systemd[1022]: ERROR Connection reset by peer
Sep 30 09:51:09 host1 nginx[1023]: DEBUG Reloading configuration
Sep 30 09:51:12 host1 cron[1024]: INFO Health check ok latency=25ms
Sep 30 09:51:15 host1 NetworkManager[1025]: WARN Disk usage on /var at 26%
Sep 30 09:51:18 host1 kernel[1026]: ERROR Accepted publickey for deploy from 10.0.0.27
Sep 30 09:51:21 host1 sshd[1027]: DEBUG Started session 28 of user app
Sep 30 09:51:24 host1 systemd[1028]: INFO Connection reset by peer
Sep 30 09:51:27 host1 nginx[1029]: WARN Reloading configuration
Sep 30 09:51:30 host1 cron[1030]: ERROR Health check ok latency=31ms
Sep 30 09:51:33 host1 NetworkManager[1031]: DEBUG Disk usage on /var at 32%
Sep 30 09:51:36 host1 kernel[1032]: INFO Accepted publickey for deploy from 10.0.0.33
Sep 30 09:51:39 host1 sshd[1033]: WARN Started session 34 of user app
Sep 30 09:51:42 host1 systemd[1034]: ERROR Connection reset by peer
Sep 30 09:51:45 host1 nginx[1035]: DEBUG Reloading configuration
Sep 30 09:51:48 host1 cron[1036]: INFO Health check ok latency=37ms
Sep 30 09:51:51 host1 NetworkManager[1037]: WARN Disk usage on /var at 38%
Sep 30 09:51:54 host1 kernel[1038]: ERROR Accepted publickey for deploy from 10.0.0.39
Sep 30 09:51:57 host1 sshd[1039]: DEBUG Started session 40 of user app
Sep 30 09:52:00 host1 systemd[1040]: INFO Connection reset by peer
Sep 30 09:52:03 host1 nginx[1041]: WARN Reloading configuration
Sep 30 09:52:06 host1 cron[1042]: ERROR Health check ok latency=43ms
Sep 30 09:52:09 host1 NetworkManager[1043]: DEBUG Disk usage on /var at 44%
Sep 30 09:52:12 host1 kernel[1044]: INFO Accepted publickey for deploy from 10.0.0.45
Sep 30 09:52:15 host1 sshd[1045]: WARN Started session 46 of user app
Sep 30 09:52:18 host1 systemd[1046]: ERROR Connection reset by peer
Sep 30 09:52:21 host1 nginx[1047]: DEBUG Reloading configuration
Sep 30 09:52:24 host1 cron[1048]: INFO Health check ok latency=49ms
Sep 30 09:52:27 host1 NetworkManager[1049]: WARN Disk usage on /var at 50%
Sep 30 09:52:30 host1 kernel[1000]: ERROR Accepted publickey for deploy from 10.0.0.51
Sep 30 09:52:33 host1 sshd[1001]: DEBUG Started session 52 of user app
Sep 30 09:52:36 host1 systemd[1002]: INFO Connection reset by peer
Sep 30 09:52:39 host1 nginx[1003]: WARN Reloading configuration
Sep 30 09:52:42 host1 cron[1004]: ERROR Health check ok latency=55ms
Sep 30 09:52:45 host1 NetworkManager[1005]: DEBUG Disk usage on /var at 56%
Sep 30 09:52:48 host1 kernel[1006]: INFO Accepted publickey for deploy from 10.0.0.57
Sep 30 09:52:51 host1 sshd[1007]: WARN Started session 58 of user app
Sep 30 09:52:54 host1 systemd[1008]: ERROR Connection reset by peer
Sep 30 09:52:57 host1 nginx[1009]: DEBUG Reloading configuration
Sep 30 09:53:00 host1 cron[1010]: INFO Health check ok latency=61ms
Sep 30 09:53:03 host1 NetworkManager[1011]: WARN Disk usage on /var at 62%
Sep 30 09:53:06 host1 kernel[1012]: ERROR Accepted publickey for deploy from 10.0.0.63
Sep 30 09:53:09 host1 sshd[1013]: DEBUG Started session 64 of user app
Sep 30 09:53:12 host1 systemd[1014]: INFO Connection reset by peer
Sep 30 09:53:15 host1 nginx[1015]: WARN Reloading configuration
Sep 30 09:53:18 host1 cron[1016]: ERROR Health check ok latency=67ms
Sep 30 09:53:21 host1 NetworkManager[1017]: DEBUG Disk usage on /var at 68%
Sep 30 09:53:24 host1 kernel[1018]: INFO Accepted publickey for deploy from 10.0.0.69
Sep 30 09:53:27 host1 sshd[1019]: WARN Started session 70 of user app
Sep 30 09:53:30 host1 systemd[1020]: ERROR Connection reset by peer
Sep 30 09:53:33 host1 nginx[1021]: DEBUG Reloading configuration
Sep 30 09:53:36 host1 cron[1022]: INFO Health check ok latency=73ms
Sep 30 09:53:39 host1 NetworkManager[1023]: WARN Disk usage on /var at 74%
Sep 30 09:53:42 host1 kernel[1024]: ERROR Accepted publickey for deploy from 10.0.0.75
Sep 30 09:53:45 host1 sshd[1025]: DEBUG Started session 76 of user app
Sep 30 09:53:48 host1 systemd[1026]: INFO Connection reset by peer
Sep 30 09:53:51 host1 nginx[1027]: WARN Reloading configuration
Sep 30 09:53:54 host1 cron[1028]: ERROR Health check ok latency=79ms
Sep 30 09:53:57 host1 NetworkManager[1029]: DEBUG Disk usage on /var at 80%
Sep 30 09:54:00 host1 kernel[1030]: INFO Accepted publickey for deploy from 10.0.0.81
Sep 30 09:54:03 host1 sshd[1031]: WARN Started session 82 of user app
Sep 30 09:54:06 host1 systemd[1032]: ERROR Connection reset by peer
Sep 30 09:54:09 host1 nginx[1033]: DEBUG Reloading configuration
Sep 30 09:54:12 host1 cron[1034]: INFO Health check ok latency=85ms
Sep 30 09:54:15 host1 NetworkManager[1035]: WARN Disk usage on /var at 86%
Sep 30 09:54:18 host1 kernel[1036]: ERROR Accepted publickey for deploy from 10.0.0.87
Sep 30 09:54:21 host1 sshd[1037]: DEBUG Started session 88 of user app
Sep 30 09:54:24 host1 systemd[1038]: INFO Connection reset by peer
Sep 30 09:54:27 host1 nginx[1039]: WARN Reloading configuration
Sep 30 09:54:30 host1 cron[1040]: ERROR Health check ok latency=91ms
Sep 30 09:54:33 host1 NetworkManager[1041]: DEBUG Disk usage on /var at 92%
Sep 30 09:54:36 host1 kernel[1042]: INFO Accepted publickey for deploy from 10.0.0.93
Sep 30 09:54:39 host1 sshd[1043]: WARN Started session 94 of user app
Sep 30 09:54:42 host1 systemd[1044]: ERROR Connection reset by peer
Sep 30 09:54:45 host1 nginx[1045]: DEBUG Reloading configuration
Sep 30 09:54:48 host1 cron[1046]: INFO Health check ok latency=97ms
Sep 30 09:54:51 host1 NetworkManager[1047]: WARN Disk usage on /var at 98%
Sep 30 09:54:54 host1 kernel[1048]: ERROR Accepted publickey for deploy from 10.0.0.99
Sep 30 09:54:57 host1 sshd[1049]: DEBUG Started session 100 of user app
Sep 30 09:55:00 host1 systemd[1000]: INFO Connection reset by peer
Sep 30 09:55:03 host1 nginx[1001]: WARN Reloading configuration
Sep 30 09:55:06 host1 cron[1002]: ERROR Health check ok latency=103ms
Sep 30 09:55:09 host1 NetworkManager[1003]: DEBUG Disk usage on /var at 104%
Sep 30 09:55:12 host1 kernel[1004]: INFO Accepted publickey for deploy from 10.0.0.105
Sep 30 09:55:15 host1 sshd[1005]: WARN Started session 106 of user app
Sep 30 09:55:18 host1 systemd[1006]: ERROR Connection reset by peer
Sep 30 09:55:21 host1 nginx[1007]: DEBUG Reloading configuration
Sep 30 09:55:24 host1 cron[1008]: INFO Health check ok latency=109ms
Sep 30 09:55:27 host1 NetworkManager[1009]: WARN Disk usage on /var at 110%
Sep 30 09:55:30 host1 kernel[1010]: ERROR Accepted publickey for deploy from 10.0.0.111
Sep 30 09:55:33 host1 sshd[1011]: DEBUG Started session 112 of user app
Sep 30 09:55:36 host1 systemd[1012]: INFO Connection reset by peer
Sep 30 09:55:39 host1 nginx[1013]: WARN Reloading configuration
Sep 30 09:55:42 host1 cron[1014]: ERROR Health check ok latency=115ms
Sep 30 09:55:45 host1 NetworkManager[1015]: DEBUG Disk usage on /var at 116%
Sep 30 09:55:48 host1 kernel[1016]: INFO Accepted publickey for deploy from 10.0.0.117
Sep 30 09:55:51 host1 sshd[1017]: WARN Started session 118 of user app
Sep 30 09:55:54 host1 systemd[1018]: ERROR Connection reset by peer
Sep 30 09:55:57 host1 nginx[1019]: DEBUG Reloading configuration
Sep 30 09:56:00 host1 cron[1020]: INFO Health check ok latency=121ms
Sep 30 09:56:03 host1 NetworkManager[1021]: WARN Disk usage on /var at 122%
Sep 30 09:56:06 host1 kernel[1022]: ERROR Accepted publickey for deploy from 10.0.0.123
Sep 30 09:56:09 host1 sshd[1023]: DEBUG Started session 124 of user app
Sep 30 09:56:12 host1 systemd[1024]: INFO Connection reset by peer
Sep 30 09:56:15 host1 nginx[1025]: WARN Reloading configuration
Sep 30 09:56:18 host1 cron[1026]: ERROR Health check ok latency=127ms
Sep 30 09:56:21 host1 NetworkManager[1027]: DEBUG Disk usage on /var at 128%
Sep 30 09:56:24 host1 kernel[1028]: INFO Accepted publickey for deploy from 10.0.0.129
Sep 30 09:56:27 host1 sshd[1029]: WARN Started session 130 of user app
Sep 30 09:56:30 host1 systemd[1030]: ERROR Connection reset by peer
Sep 30 09:56:33 host1 nginx[1031]: DEBUG Reloading configuration
Sep 30 09:56:36 host1 cron[1032]: INFO Health check ok latency=133ms
Sep 30 09:56:39 host1 NetworkManager[1033]: WARN Disk usage on /var at 134%
Sep 30 09:56:42 host1 kernel[1034]: ERROR Accepted publickey for deploy from 10.0.0.135
Sep 30 09:56:45 host1 sshd[1035]: DEBUG Started session 136 of user app
Sep 30 09:56:48 host1 systemd[1036]: INFO Connection reset by peer
Sep 30 09:56:51 host1 nginx[1037]: WARN Reloading configuration
Sep 30 09:56:54 host1 cron[1038]: ERROR Health check ok latency=139ms
Sep 30 09:56:57 host1 NetworkManager[1039]: DEBUG Disk usage on /var at 140%
Sep 30 09:57:00 host1 kernel[1040]: INFO Accepted publickey for deploy from 10.0.0.141
Sep 30 09:57:03 host1 sshd[1041]: WARN Started session 142 of user app
Sep 30 09:57:06 host1 systemd[1042]: ERROR Connection reset by peer
Sep 30 09:57:09 host1 nginx[1043]: DEBUG Reloading configuration
Sep 30 09:57:12 host1 cron[1044]: INFO Health check ok latency=145ms
Sep 30 09:57:15 host1 NetworkManager[1045]: WARN Disk usage on /var at 146%
Sep 30 09:57:18 host1 kernel[1046]: ERROR Accepted publickey for deploy from 10.0.0.147
Sep 30 09:57:21 host1 sshd[1047]: DEBUG Started session 148 of user app
Sep 30 09:57:24 host1 systemd[1048]: INFO Connection reset by peer
Sep 30 09:57:27 host1 nginx[1049]: WARN Reloading configuration
Sep 30 09:57:30 host1 cron[1000]: ERROR Health check ok latency=151ms
Sep 30 09:57:33 host1 NetworkManager[1001]: DEBUG Disk usage on /var at 152%
Sep 30 09:57:36 host1 kernel[1002]: INFO Accepted publickey for deploy from 10.0.0.153
Sep 30 09:57:39 host1 sshd[1003]: WARN Started session 154 of user app
Sep 30 09:57:42 host1 systemd[1004]: ERROR Connection reset by peer
Sep 30 09:57:45 host1 nginx[1005]: DEBUG Reloading configuration
Sep 30 09:57:48 host1 cron[1006]: INFO Health check ok latency=157ms
Sep 30 09:57:51 host1 NetworkManager[1007]: WARN Disk usage on /var at 158%
Sep 30 09:57:54 host1 kernel[1008]: ERROR Accepted publickey for deploy from 10.0.0.159
Sep 30 09:57:57 host1 sshd[1009]: DEBUG Started session 160 of user app
Sep 30 09:58:00 host1 systemd[1010]: INFO Connection reset by peer
Sep 30 09:58:03 host1 nginx[1011]: WARN Reloading configuration
Sep 30 09:58:06 host1 cron[1012]: ERROR Health check ok latency=163ms
Sep 30 09:58:09 host1 NetworkManager[1013]: DEBUG Disk usage on /var at 164%
Sep 30 09:58:12 host1 kernel[1014]: INFO Accepted publickey for deploy from 10.0.0.165
Sep 30 09:58:15 host1 sshd[1015]: WARN Started session 166 of user app
Sep 30 09:58:18 host1 systemd[1016]: ERROR Connection reset by peer
Sep 30 09:58:21 host1 nginx[1017]: DEBUG Reloading configuration
Sep 30 09:58:24 host1 cron[1018]: INFO Health check ok latency=169ms
Sep 30 09:58:27 host1 NetworkManager[1019]: WARN Disk usage on /var at 170%
Sep 30 09:58:30 host1 kernel[1020]: ERROR Accepted publickey for deploy from 10.0.0.171
Sep 30 09:58:33 host1 sshd[1021]: DEBUG Started session 172 of user app
Sep 30 09:58:36 host1 systemd[1022]: INFO Connection reset by peer
Sep 30 09:58:39 host1 nginx[1023]: WARN Reloading configuration
Sep 30 09:58:42 host1 cron[1024]: ERROR Health check ok latency=175ms
Sep 30 09:58:45 host1 NetworkManager[1025]: DEBUG Disk usage on /var at 176%
Sep 30 09:58:48 host1 kernel[1026]: INFO Accepted publickey for deploy from 10.0.0.177
Sep 30 09:58:51 host1 sshd[1027]: WARN Started session 178 of user app
Sep 30 09:58:54 host1 systemd[1028]: ERROR Connection reset by peer
Sep 30 09:58:57 host1 nginx[1029]: DEBUG Reloading configuration
Sep 30 09:59:00 host1 cron[1030]: INFO Health check ok latency=181ms
Sep 30 09:59:03 host1 NetworkManager[1031]: WARN Disk usage on /var at 182%
Sep 30 09:59:06 host1 kernel[1032]: ERROR Accepted publickey for deploy from 10.0.0.183
Sep 30 09:59:09 host1 sshd[1033]: DEBUG Started session 184 of user app
Sep 30 09:59:12 host1 systemd[1034]: INFO Connection reset by peer
Sep 30 09:59:15 host1 nginx[1035]: WARN Reloading configuration
Sep 30 09:59:18 host1 cron[1036]: ERROR Health check ok latency=187ms
Sep 30 09:59:21 host1 NetworkManager[1037]: DEBUG Disk usage on /var at 188%
Sep 30 09:59:24 host1 kernel[1038]: INFO Accepted publickey for deploy from 10.0.0.189
Sep 30 09:59:27 host1 sshd[1039]: WARN Started session 190 of user app
Sep 30 09:59:30 host1 systemd[1040]: ERROR Connection reset by peer
Sep 30 09:59:33 host1 nginx[1041]: DEBUG Reloading configuration
Sep 30 09:59:36 host1 cron[1042]: INFO Health check ok latency=193ms
Sep 30 09:59:39 host1 NetworkManager[1043]: WARN Disk usage on /var at 194%
Sep 30 09:59:42 host1 kernel[1044]: ERROR Accepted publickey for deploy from 10.0.0.195
Sep 30 09:59:45 host1 sshd[1045]: DEBUG Started session 196 of user app
Sep 30 09:59:48 host1 systemd[1046]: INFO Connection reset by peer
Sep 30 09:59:51 host1 nginx[1047]: WARN Reloading configuration
Sep 30 09:59:54 host1 cron[1048]: ERROR Health check ok latency=199ms
Sep 30 09:59:57 host1 NetworkManager[1049]: DEBUG Disk usage on /var at 200%
Sep 30 10:00:00 host1 kernel[1000]: INFO Accepted publickey for deploy from 10.0.0.1
Sep 30 10:00:03 host1 sshd[1001]: WARN Started session 2 of user app
Sep 30 10:00:06 host1 systemd[1002]: ERROR Connection reset by peer
Sep 30 10:00:09 host1 nginx[1003]: DEBUG Reloading configuration
Sep 30 10:00:12 host1 cron[1004]: INFO Health check ok latency=5ms
Sep 30 10:00:15 host1 NetworkManager[1005]: WARN Disk usage on /var at 6%
Sep 30 10:00:18 host1 kernel[1006]: ERROR Accepted publickey for deploy from 10.0.0.7
Sep 30 10:00:21 host1 sshd[1007]: DEBUG Started session 8 of user app
Sep 30 10:00:24 host1 systemd[1008]: INFO Connection reset by peer
Sep 30 10:00:27 host1 nginx[1009]: WARN Reloading configuration
Sep 30 10:00:30 host1 cron[1010]: ERROR Health check ok latency=11ms
Sep 30 10:00:33 host1 NetworkManager[1011]: DEBUG Disk usage on /var at 12%
Sep 30 10:00:36 host1 kernel[1012]: INFO Accepted publickey for deploy from 10.0.0.13
Sep 30 10:00:39 host1 sshd[1013]: WARN Started session 14 of user app
Sep 30 10:00:42 host1 systemd[1014]: ERROR Connection reset by peer
Sep 30 10:00:45 host1 nginx[1015]: DEBUG Reloading configuration
Sep 30 10:00:48 host1 cron[1016]: INFO Health check ok latency=17ms
Sep 30 10:00:51 host1 NetworkManager[1017]: WARN Disk usage on /var at 18%
Sep 30 10:00:54 host1 kernel[1018]: ERROR Accepted publickey for deploy from 10.0.0.19
Sep 30 10:00:57 host1 sshd[1019]: DEBUG Started session 20 of user app
Sep 30 10:01:00 host1 systemd[1020]: INFO Connection reset by peer
Sep 30 10:01:03 host1 nginx[1021]: WARN Reloading configuration
Sep 30 10:01:06 host1 cron[1022]: ERROR Health check ok latency=23ms
Sep 30 10:01:09 host1 NetworkManager[1023]: DEBUG Disk usage on /var at 24%
Sep 30 10:01:12 host1 kernel[1024]: INFO Accepted publickey for deploy from 10.0.0.25
Sep 30 10:01:15 host1 sshd[1025]: WARN Started session 26 of user app
Sep 30 10:01:18 host1 systemd[1026]: ERROR Connection reset by peer
Sep 30 10:01:21 host1 nginx[1027]: DEBUG Reloading configuration
Sep 30 10:01:24 host1 cron[1028]: INFO Health check ok latency=29ms
Sep 30 10:01:27 host1 NetworkManager[1029]: WARN Disk usage on /var at 30%
Sep 30 10:01:30 host1 kernel[1030]: ERROR Accepted publickey for deploy from 10.0.0.31
Sep 30 10:01:33 host1 sshd[1031]: DEBUG Started session 32 of user app
Sep 30 10:01:36 host1 systemd[1032]: INFO Connection reset by peer
Sep 30 10:01:39 host1 nginx[1033]: WARN Reloading configuration
Sep 30 10:01:42 host1 cron[1034]: ERROR Health check ok latency=35ms
Sep 30 10:01:45 host1 NetworkManager[1035]: DEBUG Disk usage on /var at 36%
Sep 30 10:01:48 host1 kernel[1036]: INFO Accepted publickey for deploy from 10.0.0.37
Sep 30 10:01:51 host1 sshd[1037]: WARN Started session 38 of user app
Sep 30 10:01:54 host1 systemd[1038]: ERROR Connection reset by peer
Sep 30 10:01:57 host1 nginx[1039]: DEBUG Reloading configuration
Sep 30 10:02:00 host1 cron[1040]: INFO Health check ok latency=41ms
Sep 30 10:02:03 host1 NetworkManager[1041]: WARN Disk usage on /var at 42%
Sep 30 10:02:06 host1 kernel[1042]: ERROR Accepted publickey for deploy from 10.0.0.43
Sep 30 10:02:09 host1 sshd[1043]: DEBUG Started session 44 of user app
Sep 30 10:02:12 host1 systemd[1044]: INFO Connection reset by peer
Sep 30 10:02:15 host1 nginx[1045]: WARN Reloading configuration
Sep 30 10:02:18 host1 cron[1046]: ERROR Health check ok latency=47ms
Sep 30 10:02:21 host1 NetworkManager[1047]: DEBUG Disk usage on /var at 48%
Sep 30 10:02:24 host1 kernel[1048]: INFO Accepted publickey for deploy from 10.0.0.49
Sep 30 10:02:27 host1 sshd[1049]: WARN Started session 50 of user app
Sep 30 10:02:30 host1 systemd[1000]: ERROR Connection reset by peer
Sep 30 10:02:33 host1 nginx[1001]: DEBUG Reloading configuration
Sep 30 10:02:36 host1 cron[1002]: INFO Health check ok latency=53ms
Sep 30 10:02:39 host1 NetworkManager[1003]: WARN Disk usage on /var at 54%
Sep 30 10:02:42 host1 kernel[1004]: ERROR Accepted publickey for deploy from 10.0.0.55
Sep 30 10:02:45 host1 sshd[1005]: DEBUG Started session 56 of user app
Sep 30 10:02:48 host1 systemd[1006]: INFO Connection reset by peer
Sep 30 10:02:51 host1 nginx[1007]: WARN Reloading configuration
Sep 30 10:02:54 host1 cron[1008]: ERROR Health check ok latency=59ms
Sep 30 10:02:57 host1 NetworkManager[1009]: DEBUG Disk usage on /var at 60%
Sep 30 10:03:00 host1 kernel[1010]: INFO Accepted publickey for deploy from 10.0.0.61
Sep 30 10:03:03 host1 sshd[1011]: WARN Started session 62 of user app
Sep 30 10:03:06 host1 systemd[1012]: ERROR Connection reset by peer
Sep 30 10:03:09 host1 nginx[1013]: DEBUG Reloading configuration
Sep 30 10:03:12 host1 cron[1014]: INFO Health check ok latency=65ms
Sep 30 10:03:15 host1 NetworkManager[1015]: WARN Disk usage on /var at 66%
Sep 30 10:03:18 host1 kernel[1016]: ERROR Accepted publickey for deploy from 10.0.0.67
Sep 30 10:03:21 host1 sshd[1017]: DEBUG Started session 68 of user app
Sep 30 10:03:24 host1 systemd[1018]: INFO Connection reset by peer
Sep 30 10:03:27 host1 nginx[1019]: WARN Reloading configuration
Sep 30 10:03:30 host1 cron[1020]: ERROR Health check ok latency=71ms
Sep 30 10:03:33 host1 NetworkManager[1021]: DEBUG Disk usage on /var at 72%
Sep 30 10:03:36 host1 kernel[1022]: INFO Accepted publickey for deploy from 10.0.0.73
Sep 30 10:03:39 host1 sshd[1023]: WARN Started session 74 of user app
Sep 30 10:03:42 host1 systemd[1024]: ERROR Connection reset by peer
Sep 30 10:03:45 host1 nginx[1025]: DEBUG Reloading configuration
Sep 30 10:03:48 host1 cron[1026]: INFO Health check ok latency=77ms
Sep 30 10:03:51 host1 NetworkManager[1027]: WARN Disk usage on /var at 78%
Sep 30 10:03:54 host1 kernel[1028]: ERROR Accepted publickey for deploy from 10.0.0.79
Sep 30 10:03:57 host1 sshd[1029]: DEBUG Started session 80 of user app
Sep 30 10:04:00 host1 systemd[1030]: INFO Connection reset by peer
Sep 30 10:04:03 host1 nginx[1031]: WARN Reloading configuration
Sep 30 10:04:06 host1 cron[1032]: ERROR Health check ok latency=83ms
Sep 30 10:04:09 host1 NetworkManager[1033]: DEBUG Disk usage on /var at 84%
Sep 30 10:04:12 host1 kernel[1034]: INFO Accepted publickey for deploy from 10.0.0.85
Sep 30 10:04:15 host1 sshd[1035]: WARN Started session 86 of user app
Sep 30 10:04:18 host1 systemd[1036]: ERROR Connection reset by peer
Sep 30 10:04:21 host1 nginx[1037]: DEBUG Reloading configuration
Sep 30 10:04:24 host1 cron[1038]: INFO Health check ok latency=89ms
Sep 30 10:04:27 host1 NetworkManager[1039]: WARN Disk usage on /var at 90%
Sep 30 10:04:30 host1 kernel[1040]: ERROR Accepted publickey for deploy from 10.0.0.91
Sep 30 10:04:33 host1 sshd[1041]: DEBUG Started session 92 of user app
Sep 30 10:04:36 host1 systemd[1042]: INFO Connection reset by peer
Sep 30 10:04:39 host1 nginx[1043]: WARN Reloading configuration
Sep 30 10:04:42 host1 cron[1044]: ERROR Health check ok latency=95ms
Sep 30 10:04:45 host1 NetworkManager[1045]: DEBUG Disk usage on /var at 96%
Sep 30 10:04:48 host1 kernel[1046]: INFO Accepted publickey for deploy from 10.0.0.97
Sep 30 10:04:51 host1 sshd[1047]: WARN Started session 98 of user app
Sep 30 10:04:54 host1 systemd[1048]: ERROR Connection reset by peer
Sep 30 10:04:57 host1 nginx[1049]: DEBUG Reloading configuration
Sep 30 10:05:00 host1 cron[1000]: INFO Health check ok latency=101ms
Sep 30 10:05:03 host1 NetworkManager[1001]: WARN Disk usage on /var at 102%
Sep 30 10:05:06 host1 kernel[1002]: ERROR Accepted publickey for deploy from 10.0.0.103
Sep 30 10:05:09 host1 sshd[1003]: DEBUG Started session 104 of user app
Sep 30 10:05:12 host1 systemd[1004]: INFO Connection reset by peer
Sep 30 10:05:15 host1 nginx[1005]: WARN Reloading configuration
Sep 30 10:05:18 host1 cron[1006]: ERROR Health check ok latency=107ms
Sep 30 10:05:21 host1 NetworkManager[1007]: DEBUG Disk usage on /var at 108%
Sep 30 10:05:24 host1 kernel[1008]: INFO Accepted publickey for deploy from 10.0.0.109
Sep 30 10:05:27 host1 sshd[1009]: WARN Started session 110 of user app
Sep 30 10:05:30 host1 systemd[1010]: ERROR Connection reset by peer
Sep 30 10:05:33 host1 nginx[1011]: DEBUG Reloading configuration
Sep 30 10:05:36 host1 cron[1012]: INFO Health check ok latency=113ms
Sep 30 10:05:39 host1 NetworkManager[1013]: WARN Disk usage on /var at 114%
Sep 30 10:05:42 host1 kernel[1014]: ERROR Accepted publickey for deploy from 10.0.0.115
Sep 30 10:05:45 host1 sshd[1015]: DEBUG Started session 116 of user app
Sep 30 10:05:48 host1 systemd[1016]: INFO Connection reset by peer
Sep 30 10:05:51 host1 nginx[1017]: WARN Reloading configuration
Sep 30 10:05:54 host1 cron[1018]: ERROR Health check ok latency=119ms
Sep 30 10:05:57 host1 NetworkManager[1019]: DEBUG Disk usage on /var at 120%
Sep 30 10:06:00 host1 kernel[1020]: INFO Accepted publickey for deploy from 10.0.0.121
Sep 30 10:06:03 host1 sshd[1021]: WARN Started session 122 of user app
Sep 30 10:06:06 host1 systemd[1022]: ERROR Connection reset by peer
Sep 30 10:06:09 host1 nginx[1023]: DEBUG Reloading configuration
Sep 30 10:06:12 host1 cron[1024]: INFO Health check ok latency=125ms
Sep 30 10:06:15 host1 NetworkManager[1025]: WARN Disk usage on /var at 126%
Sep 30 10:06:18 host1 kernel[1026]: ERROR Accepted publickey for deploy from 10.0.0.127
Sep 30 10:06:21 host1 sshd[1027]: DEBUG Started session 128 of user app
Sep 30 10:06:24 host1 systemd[1028]: INFO Connection reset by peer
Sep 30 10:06:27 host1 nginx[1029]: WARN Reloading configuration
Sep 30 10:06:30 host1 cron[1030]: ERROR Health check ok latency=131ms
Sep 30 10:06:33 host1 NetworkManager[1031]: DEBUG Disk usage on /var at 132%
Sep 30 10:06:36 host1 kernel[1032]: INFO Accepted publickey for deploy from 10.0.0.133
Sep 30 10:06:39 host1 sshd[1033]: WARN Started session 134 of user app
Sep 30 10:06:42 host1 systemd[1034]: ERROR Connection reset by peer
Sep 30 10:06:45 host1 nginx[1035]: DEBUG Reloading configuration
Sep 30 10:06:48 host1 cron[1036]: INFO Health check ok latency=137ms
Sep 30 10:06:51 host1 NetworkManager[1037]: WARN Disk usage on /var at 138%
Sep 30 10:06:54 host1 kernel[1038]: ERROR Accepted publickey for deploy from 10.0.0.139
Sep 30 10:06:57 host1 sshd[1039]: DEBUG Started session 140 of user app
Sep 30 10:07:00 host1 systemd[1040]: INFO Connection reset by peer
Sep 30 10:07:03 host1 nginx[1041]: WARN Reloading configuration
Sep 30 10:07:06 host1 cron[1042]: ERROR Health check ok latency=143ms
Sep 30 10:07:09 host1 NetworkManager[1043]: DEBUG Disk usage on /var at 144%
Sep 30 10:07:12 host1 kernel[1044]: INFO Accepted publickey for deploy from 10.0.0.145
Sep 30 10:07:15 host1 sshd[1045]: WARN Started session 146 of user app
Sep 30 10:07:18 host1 systemd[1046]: ERROR Connection reset by peer
Sep 30 10:07:21 host1 nginx[1047]: DEBUG Reloading configuration
Sep 30 10:07:24 host1 cron[1048]: INFO Health check ok latency=149ms
Sep 30 10:07:27 host1 NetworkManager[1049]: WARN Disk usage on /var at 150%
Sep 30 10:07:30 host1 kernel[1000]: ERROR Accepted publickey for deploy from 10.0.0.151
Sep 30 10:07:33 host1 sshd[1001]: DEBUG Started session 152 of user app
Sep 30 10:07:36 host1 systemd[1002]: INFO Connection reset by peer
Sep 30 10:07:39 host1 nginx[1003]: WARN Reloading configuration
Sep 30 10:07:42 host1 cron[1004]: ERROR Health check ok latency=155ms
Sep 30 10:07:45 host1 NetworkManager[1005]: DEBUG Disk usage on /var at 156%
Sep 30 10:07:48 host1 kernel[1006]: INFO Accepted publickey for deploy from 10.0.0.157
Sep 30 10:07:51 host1 sshd[1007]: WARN Started session 158 of user app
Sep 30 10:07:54 host1 systemd[1008]: ERROR Connection reset by peer
Sep 30 10:07:57 host1 nginx[1009]: DEBUG Reloading configuration
Sep 30 10:08:00 host1 cron[1010]: INFO Health check ok latency=161ms
Sep 30 10:08:03 host1 NetworkManager[1011]: WARN Disk usage on /var at 162%
Sep 30 10:08:06 host1 kernel[1012]: ERROR Accepted publickey for deploy from 10.0.0.163
Sep 30 10:08:09 host1 sshd[1013]: DEBUG Started session 164 of user app
Sep 30 10:08:12 host1 systemd[1014]: INFO Connection reset by peer
Sep 30 10:08:15 host1 nginx[1015]: WARN Reloading configuration
Sep 30 10:08:18 host1 cron[1016]: ERROR Health check ok latency=167ms
Sep 30 10:08:21 host1 NetworkManager[1017]: DEBUG Disk usage on /var at 168%
Sep 30 10:08:24 host1 kernel[1018]: INFO Accepted publickey for deploy from 10.0.0.169
Sep 30 10:08:27 host1 sshd[1019]: WARN Started session 170 of user app
Sep 30 10:08:30 host1 systemd[1020]: ERROR Connection reset by peer
Sep 30 10:08:33 host1 nginx[1021]: DEBUG Reloading configuration
Sep 30 10:08:36 host1 cron[1022]: INFO Health check ok latency=173ms
Sep 30 10:08:39 host1 NetworkManager[1023]: WARN Disk usage on /var at 174%
Sep 30 10:08:42 host1 kernel[1024]: ERROR Accepted publickey for deploy from 10.0.0.175
Sep 30 10:08:45 host1 sshd[1025]: DEBUG Started session 176 of user app
Sep 30 10:08:48 host1 systemd[1026]: INFO Connection reset by peer
Sep 30 10:08:51 host1 nginx[1027]: WARN Reloading configuration
Sep 30 10:08:54 host1 cron[1028]: ERROR Health check ok latency=179ms
Sep 30 10:08:57 host1 NetworkManager[1029]: DEBUG Disk usage on /var at 180%
Sep 30 10:09:00 host1 kernel[1030]: INFO Accepted publickey for deploy from 10.0.0.181
Sep 30 10:09:03 host1 sshd[1031]: WARN Started session 182 of user app
Sep 30 10:09:06 host1 systemd[1032]: ERROR Connection reset by peer
Sep 30 10:09:09 host1 nginx[1033]: DEBUG Reloading configuration
Sep 30 10:09:12 host1 cron[1034]: INFO Health check ok latency=185ms
Sep 30 10:09:15 host1 NetworkManager[1035]: WARN Disk usage on /var at 186%
Sep 30 10:09:18 host1 kernel[1036]: ERROR Accepted publickey for deploy from 10.0.0.187
Sep 30 10:09:21 host1 sshd[1037]: DEBUG Started session 188 of user app
Sep 30 10:09:24 host1 systemd[1038]: INFO Connection reset by peer
Sep 30 10:09:27 host1 nginx[1039]: WARN Reloading configuration
Sep 30 10:09:30 host1 cron[1040]: ERROR Health check ok latency=191ms
Sep 30 10:09:33 host1 NetworkManager[1041]: DEBUG Disk usage on /var at 192%
Sep 30 10:09:36 host1 kernel[1042]: INFO Accepted publickey for deploy from 10.0.0.193
Sep 30 10:09:39 host1 sshd[1043]: WARN Started session 194 of user app
Sep 30 10:09:42 host1 systemd[1044]: ERROR Connection reset by peer
Sep 30 10:09:45 host1 nginx[1045]: DEBUG Reloading configuration
Sep 30 10:09:48 host1 cron[1046]: INFO Health check ok latency=197ms
Sep 30 10:09:51 host1 NetworkManager[1047]: WARN Disk usage on /var at 198%
Sep 30 10:09:54 host1 kernel[1048]: ERROR Accepted publickey for deploy from 10.0.0.199
Sep 30 10:09:57 host1 sshd[1049]: DEBUG Started session 200 of user app
Sep 30 10:10:00 host1 systemd[1000]: INFO Connection reset by peer
Sep 30 10:10:03 host1 nginx[1001]: WARN Reloading configuration
Sep 30 10:10:06 host1 cron[1002]: ERROR Health check ok latency=3ms
Sep 30 10:10:09 host1 NetworkManager[1003]: DEBUG Disk usage on /var at 4%
Sep 30 10:10:12 host1 kernel[1004]: INFO Accepted publickey for deploy from 10.0.0.5
Sep 30 10:10:15 host1 sshd[1005]: WARN Started session 6 of user app
Sep 30 10:10:18 host1 systemd[1006]: ERROR Connection reset by peer
Sep 30 10:10:21 host1 nginx[1007]: DEBUG Reloading configuration
Sep 30 10:10:24 host1 cron[1008]: INFO Health check ok latency=9ms
Sep 30 10:10:27 host1 NetworkManager[1009]: WARN Disk usage on /var at 10%
Sep 30 10:10:30 host1 kernel[1010]: ERROR Accepted publickey for deploy from 10.0.0.11
Sep 30 10:10:33 host1 sshd[1011]: DEBUG Started session 12 of user app
Sep 30 10:10:36 host1 systemd[1012]: INFO Connection reset by peer
Sep 30 10:10:39 host1 nginx[1013]: WARN Reloading configuration
Sep 30 10:10:42 host1 cron[1014]: ERROR Health check ok latency=15ms
Sep 30 10:10:45 host1 NetworkManager[1015]: DEBUG Disk usage on /var at 16%
Sep 30 10:10:48 host1 kernel[1016]: INFO Accepted publickey for deploy from 10.0.0.17
Sep 30 10:10:51 host1 sshd[1017]: WARN Started session 18 of user app
Sep 30 10:10:54 host1 systemd[1018]: ERROR Connection reset by peer
Sep 30 10:10:57 host1 nginx[1019]: DEBUG Reloading configuration
Sep 30 10:11:00 host1 cron[1020]: INFO Health check ok latency=21ms
Sep 30 10:11:03 host1 NetworkManager[1021]: WARN Disk usage on /var at 22%
Sep 30 10:11:06 host1 kernel[1022]: ERROR Accepted publickey for deploy from 10.0.0.23
Sep 30 10:11:09 host1 sshd[1023]: DEBUG Started session 24 of user app
Sep 30 10:11:12 host1 systemd[1024]: INFO Connection reset by peer
Sep 30 10:11:15 host1 nginx[1025]: WARN Reloading configuration
Sep 30 10:11:18 host1 cron[1026]: ERROR Health check ok latency=27ms
Sep 30 10:11:21 host1 NetworkManager[1027]: DEBUG Disk usage on /var at 28%
Sep 30 10:11:24 host1 kernel[1028]: INFO Accepted publickey for deploy from 10.0.0.29
Sep 30 10:11:27 host1 sshd[1029]: WARN Started session 30 of user app
Sep 30 10:11:30 host1 systemd[1030]: ERROR Connection reset by peer
Sep 30 10:11:33 host1 nginx[1031]: DEBUG Reloading configuration
Sep 30 10:11:36 host1 cron[1032]: INFO Health check ok latency=33ms
Sep 30 10:11:39 host1 NetworkManager[1033]: WARN Disk usage on /var at 34%
Sep 30 10:11:42 host1 kernel[1034]: ERROR Accepted publickey for deploy from 10.0.0.35
Sep 30 10:11:45 host1 sshd[1035]: DEBUG Started session 36 of user app
Sep 30 10:11:48 host1 systemd[1036]: INFO Connection reset by peer
Sep 30 10:11:51 host1 nginx[1037]: WARN Reloading configuration
Sep 30 10:11:54 host1 cron[1038]: ERROR Health check ok latency=39ms
Sep 30 10:11:57 host1 NetworkManager[1039]: DEBUG Disk usage on /var at 40%
Sep 30 10:12:00 host1 kernel[1040]: INFO Accepted publickey for deploy from 10.0.0.41
Sep 30 10:12:03 host1 sshd[1041]: WARN Started session 42 of user app
Sep 30 10:12:06 host1 systemd[1042]: ERROR Connection reset by peer
Sep 30 10:12:09 host1 nginx[1043]: DEBUG Reloading configuration
Sep 30 10:12:12 host1 cron[1044]: INFO Health check ok latency=45ms
Sep 30 10:12:15 host1 NetworkManager[1045]: WARN Disk usage on /var at 46%
Sep 30 10:12:18 host1 kernel[1046]: ERROR Accepted publickey for deploy from 10.0.0.47
Sep 30 10:12:21 host1 sshd[1047]: DEBUG Started session 48 of user app
Sep 30 10:12:24 host1 systemd[1048]: INFO Connection reset by peer
Sep 30 10:12:27 host1 nginx[1049]: WARN Reloading configuration
Sep 30 10:12:30 host1 cron[1000]: ERROR Health check ok latency=51ms
Sep 30 10:12:33 host1 NetworkManager[1001]: DEBUG Disk usage on /var at 52%
Sep 30 10:12:36 host1 kernel[1002]: INFO Accepted publickey for deploy from 10.0.0.53
Sep 30 10:12:39 host1 sshd[1003]: WARN Started session 54 of user app
Sep 30 10:12:42 host1 systemd[1004]: ERROR Connection reset by peer
Sep 30 10:12:45 host1 nginx[1005]: DEBUG Reloading configuration
Sep 30 10:12:48 host1 cron[1006]: INFO Health check ok latency=57ms
Sep 30 10:12:51 host1 NetworkManager[1007]: WARN Disk usage on /var at 58%
Sep 30 10:12:54 host1 kernel[1008]: ERROR Accepted publickey for deploy from 10.0.0.59
Sep 30 10:12:57 host1 sshd[1009]: DEBUG Started session 60 of user app
Sep 30 10:13:00 host1 systemd[1010]: INFO Connection reset by peer
Sep 30 10:13:03 host1 nginx[1011]: WARN Reloading configuration
Sep 30 10:13:06 host1 cron[1012]: ERROR Health check ok latency=63ms
Sep 30 10:13:09 host1 NetworkManager[1013]: DEBUG Disk usage on /var at 64%
Sep 30 10:13:12 host1 kernel[1014]: INFO Accepted publickey for deploy from 10.0.0.65
Sep 30 10:13:15 host1 sshd[1015]: WARN Started session 66 of user app
Sep 30 10:13:18 host1 systemd[1016]: ERROR Connection reset by peer
Sep 30 10:13:21 host1 nginx[1017]: DEBUG Reloading configuration
Sep 30 10:13:24 host1 cron[1018]: INFO Health check ok latency=69ms
Sep 30 10:13:27 host1 NetworkManager[1019]: WARN Disk usage on /var at 70%
Sep 30 10:13:30 host1 kernel[1020]: ERROR Accepted publickey for deploy from 10.0.0.71
Sep 30 10:13:33 host1 sshd[1021]: DEBUG Started session 72 of user app
Sep 30 10:13:36 host1 systemd[1022]: INFO Connection reset by peer
Sep 30 10:13:39 host1 nginx[1023]: WARN Reloading configuration
Sep 30 10:13:42 host1 cron[1024]: ERROR Health check ok latency=75ms
Sep 30 10:13:45 host1 NetworkManager[1025]: DEBUG Disk usage on /var at 76%
Sep 30 10:13:48 host1 kernel[1026]: INFO Accepted publickey for deploy from 10.0.0.77
Sep 30 10:13:51 host1 sshd[1027]: WARN Started session 78 of user app
Sep 30 10:13:54 host1 systemd[1028]: ERROR Connection reset by peer
Sep 30 10:13:57 host1 nginx[1029]: DEBUG Reloading configuration
Sep 30 10:14:00 host1 cron[1030]: INFO Health check ok latency=81ms
Sep 30 10:14:03 host1 NetworkManager[1031]: WARN Disk usage on /var at 82%
Sep 30 10:14:06 host1 kernel[1032]: ERROR Accepted publickey for deploy from 10.0.0.83
Sep 30 10:14:09 host1 sshd[1033]: DEBUG Started session 84 of user app
Sep 30 10:14:12 host1 systemd[1034]: INFO Connection reset by peer
Sep 30 10:14:15 host1 nginx[1035]: WARN Reloading configuration
Sep 30 10:14:18 host1 cron[1036]: ERROR Health check ok latency=87ms
Sep 30 10:14:21 host1 NetworkManager[1037]: DEBUG Disk usage on /var at 88%
Sep 30 10:14:24 host1 kernel[1038]: INFO Accepted publickey for deploy from 10.0.0.89
Sep 30 10:14:27 host1 sshd[1039]: WARN Started session 90 of user app
Sep 30 10:14:30 host1 systemd[1040]: ERROR Connection reset by peer
Sep 30 10:14:33 host1 nginx[1041]: DEBUG Reloading configuration
Sep 30 10:14:36 host1 cron[1042]: INFO Health check ok latency=93ms
Sep 30 10:14:39 host1 NetworkManager[1043]: WARN Disk usage on /var at 94%
Sep 30 10:14:42 host1 kernel[1044]: ERROR Accepted publickey for deploy from 10.0.0.95
Sep 30 10:14:45 host1 sshd[1045]: DEBUG Started session 96 of user app
Sep 30 10:14:48 host1 systemd[1046]: INFO Connection reset by peer
Sep 30 10:14:51 host1 nginx[1047]: WARN Reloading configuration
Sep 30 10:14:54 host1 cron[1048]: ERROR Health check ok latency=99ms
Sep 30 10:14:57 host1 NetworkManager[1049]: DEBUG Disk usage on /var at 100%
Sep 30 10:15:00 host1 kernel[1000]: INFO Accepted publickey for deploy from 10.0.0.101
Sep 30 10:15:03 host1 sshd[1001]: WARN Started session 102 of user app
Sep 30 10:15:06 host1 systemd[1002]: ERROR Connection reset by peer
Sep 30 10:15:09 host1 nginx[1003]: DEBUG Reloading configuration
Sep 30 10:15:12 host1 cron[1004]: INFO Health check ok latency=105ms
Sep 30 10:15:15 host1 NetworkManager[1005]: WARN Disk usage on /var at 106%
Sep 30 10:15:18 host1 kernel[1006]: ERROR Accepted publickey for deploy from 10.0.0.107
Sep 30 10:15:21 host1 sshd[1007]: DEBUG Started session 108 of user app
Sep 30 10:15:24 host1 systemd[1008]: INFO Connection reset by peer
Sep 30 10:15:27 host1 nginx[1009]: WARN Reloading configuration
Sep 30 10:15:30 host1 cron[1010]: ERROR Health check ok latency=111ms
Sep 30 10:15:33 host1 NetworkManager[1011]: DEBUG Disk usage on /var at 112%
Sep 30 10:15:36 host1 kernel[1012]: INFO Accepted publickey for deploy from 10.0.0.113
Sep 30 10:15:39 host1 sshd[1013]: WARN Started session 114 of user app
Sep 30 10:15:42 host1 systemd[1014]: ERROR Connection reset by peer
Sep 30 10:15:45 host1 nginx[1015]: DEBUG Reloading configuration
Sep 30 10:15:48 host1 cron[1016]: INFO Health check ok latency=117ms
Sep 30 10:15:51 host1 NetworkManager[1017]: WARN Disk usage on /var at 118%
Sep 30 10:15:54 host1 kernel[1018]: ERROR Accepted publickey for deploy from 10.0.0.119
Sep 30 10:15:57 host1 sshd[1019]: DEBUG Started session 120 of user app
Sep 30 10:16:00 host1 systemd[1020]: INFO Connection reset by peer
Sep 30 10:16:03 host1 nginx[1021]: WARN Reloading configuration
Sep 30 10:16:06 host1 cron[1022]: ERROR Health check ok latency=123ms
Sep 30 10:16:09 host1 NetworkManager[1023]: DEBUG Disk usage on /var at 124%
Sep 30 10:16:12 host1 kernel[1024]: INFO Accepted publickey for deploy from 10.0.0.125
Sep 30 10:16:15 host1 sshd[1025]: WARN Started session 126 of user app
Sep 30 10:16:18 host1 systemd[1026]: ERROR Connection reset by peer
Sep 30 10:16:21 host1 nginx[1027]: DEBUG Reloading configuration
Sep 30 10:16:24 host1 cron[1028]: INFO Health check ok latency=129ms
Sep 30 10:16:27 host1 NetworkManager[1029]: WARN Disk usage on /var at 130%
Sep 30 10:16:30 host1 kernel[1030]: ERROR Accepted publickey for deploy from 10.0.0.131
Sep 30 10:16:33 host1 sshd[1031]: DEBUG Started session 132 of user app
Sep 30 10:16:36 host1 systemd[1032]: INFO Connection reset by peer
Sep 30 10:16:39 host1 nginx[1033]: WARN Reloading configuration
Sep 30 10:16:42 host1 cron[1034]: ERROR Health check ok latency=135ms
Sep 30 10:16:45 host1 NetworkManager[1035]: DEBUG Disk usage on /var at 136%
Sep 30 10:16:48 host1 kernel[1036]: INFO Accepted publickey for deploy from 10.0.0.137
Sep 30 10:16:51 host1 sshd[1037]: WARN Started session 138 of user app
Sep 30 10:16:54 host1 systemd[1038]: ERROR Connection reset by peer
Sep 30 10:16:57 host1 nginx[1039]: DEBUG Reloading configuration
Sep 30 10:17:00 host1 cron[1040]: INFO Health check ok latency=141ms
Sep 30 10:17:03 host1 NetworkManager[1041]: WARN Disk usage on /var at 142%
Sep 30 10:17:06 host1 kernel[1042]: ERROR Accepted publickey for deploy from 10.0.0.143
Sep 30 10:17:09 host1 sshd[1043]: DEBUG Started session 144 of user app
Sep 30 10:17:12 host1 systemd[1044]: INFO Connection reset by peer
Sep 30 10:17:15 host1 nginx[1045]: WARN Reloading configuration
Sep 30 10:17:18 host1 cron[1046]: ERROR Health check ok latency=147ms
Sep 30 10:17:21 host1 NetworkManager[1047]: DEBUG Disk usage on /var at 148%
Sep 30 10:17:24 host1 kernel[1048]: INFO Accepted publickey for deploy from 10.0.0.149
Sep 30 10:17:27 host1 sshd[1049]: WARN Started session 150 of user app
Sep 30 10:17:30 host1 systemd[1000]: ERROR Connection reset by peer
Sep 30 10:17:33 host1 nginx[1001]: DEBUG Reloading configuration
Sep 30 10:17:36 host1 cron[1002]: INFO Health check ok latency=153ms
Sep 30 10:17:39 host1 NetworkManager[1003]: WARN Disk usage on /var at 154%
Sep 30 10:17:42 host1 kernel[1004]: ERROR Accepted publickey for deploy from 10.0.0.155
Sep 30 10:17:45 host1 sshd[1005]: DEBUG Started session 156 of user app
Sep 30 10:17:48 host1 systemd[1006]: INFO Connection reset by peer
Sep 30 10:17:51 host1 nginx[1007]: WARN Reloading configuration
Sep 30 10:17:54 host1 cron[1008]: ERROR Health check ok latency=159ms
Sep 30 10:17:57 host1 NetworkManager[1009]: DEBUG Disk usage on /var at 160%
Sep 30 10:18:00 host1 kernel[1010]: INFO Accepted publickey for deploy from 10.0.0.161
Sep 30 10:18:03 host1 sshd[1011]: WARN Started session 162 of user app
Sep 30 10:18:06 host1 systemd[1012]: ERROR Connection reset by peer
Sep 30 10:18:09 host1 nginx[1013]: DEBUG Reloading configuration
Sep 30 10:18:12 host1 cron[1014]: INFO Health check ok latency=165ms
Sep 30 10:18:15 host1 NetworkManager[1015]: WARN Disk usage on /var at 166%
Sep 30 10:18:18 host1 kernel[1016]: ERROR Accepted publickey for deploy from 10.0.0.167
Sep 30 10:18:21 host1 sshd[1017]: DEBUG Started session 168 of user app
Sep 30 10:18:24 host1 systemd[1018]: INFO Connection reset by peer
Sep 30 10:18:27 host1 nginx[1019]: WARN Reloading configuration
Sep 30 10:18:30 host1 cron[1020]: ERROR Health check ok latency=171ms
Sep 30 10:18:33 host1 NetworkManager[1021]: DEBUG Disk usage on /var at 172%
Sep 30 10:18:36 host1 kernel[1022]: INFO Accepted publickey for deploy from 10.0.0.173
Sep 30 10:18:39 host1 sshd[1023]: WARN Started session 174 of user app
Sep 30 10:18:42 host1 systemd[1024]: ERROR Connection reset by peer
Sep 30 10:18:45 host1 nginx[1025]: DEBUG Reloading configuration
Sep 30 10:18:48 host1 cron[1026]: INFO Health check ok latency=177ms
Sep 30 10:18:51 host1 NetworkManager[1027]: WARN Disk usage on /var at 178%
Sep 30 10:18:54 host1 kernel[1028]: ERROR Accepted publickey for deploy from 10.0.0.179
Sep 30 10:18:57 host1 sshd[1029]: DEBUG Started session 180 of user app
Sep 30 10:19:00 host1 systemd[1030]: INFO Connection reset by peer
Sep 30 10:19:03 host1 nginx[1031]: WARN Reloading configuration
Sep 30 10:19:06 host1 cron[1032]: ERROR Health check ok latency=183ms
Sep 30 10:19:09 host1 NetworkManager[1033]: DEBUG Disk usage on /var at 184%
Sep 30 10:19:12 host1 kernel[1034]: INFO Accepted publickey for deploy from 10.0.0.185
Sep 30 10:19:15 host1 sshd[1035]: WARN Started session 186 of user app
Sep 30 10:19:18 host1 systemd[1036]: ERROR Connection reset by peer
Sep 30 10:19:21 host1 nginx[1037]: DEBUG Reloading configuration
Sep 30 10:19:24 host1 cron[1038]: INFO Health check ok latency=189ms
Sep 30 10:19:27 host1 NetworkManager[1039]: WARN Disk usage on /var at 190%
Sep 30 10:19:30 host1 kernel[1040]: ERROR Accepted publickey for deploy from 10.0.0.191
Sep 30 10:19:33 host1 sshd[1041]: DEBUG Started session 192 of user app
Sep 30 10:19:36 host1 systemd[1042]: INFO Connection reset by peer
Sep 30 10:19:39 host1 nginx[1043]: WARN Reloading configuration
Sep 30 10:19:42 host1 cron[1044]: ERROR Health check ok latency=195ms
Sep 30 10:19:45 host1 NetworkManager[1045]: DEBUG Disk usage on /var at 196%
Sep 30 10:19:48 host1 kernel[1046]: INFO Accepted publickey for deploy from 10.0.0.197
Sep 30 10:19:51 host1 sshd[1047]: WARN Started session 198 of user app
Sep 30 10:19:54 host1 systemd[1048]: ERROR Connection reset by peer
Sep 30 10:19:57 host1 nginx[1049]: DEBUG Reloading configuration
Sep 30 10:20:00 host1 cron[1000]: INFO Health check ok latency=1ms
Sep 30 10:20:03 host1 NetworkManager[1001]: WARN Disk usage on /var at 2%
Sep 30 10:20:06 host1 kernel[1002]: ERROR Accepted publickey for deploy from 10.0.0.3
Sep 30 10:20:09 host1 sshd[1003]: DEBUG Started session 4 of user app
Sep 30 10:20:12 host1 systemd[1004]: INFO Connection reset by peer
Sep 30 10:20:15 host1 nginx[1005]: WARN Reloading configuration
Sep 30 10:20:18 host1 cron[1006]: ERROR Health check ok latency=7ms
Sep 30 10:20:21 host1 NetworkManager[1007]: DEBUG Disk usage on /var at 8%
Sep 30 10:20:24 host1 kernel[1008]: INFO Accepted publickey for deploy from 10.0.0.9
Sep 30 10:20:27 host1 sshd[1009]: WARN Started session 10 of user app
Sep 30 10:20:30 host1 systemd[1010]: ERROR Connection reset by peer
Sep 30 10:20:33 host1 nginx[1011]: DEBUG Reloading configuration
Sep 30 10:20:36 host1 cron[1012]: INFO Health check ok latency=13ms
Sep 30 10:20:39 host1 NetworkManager[1013]: WARN Disk usage on /var at 14%
Sep 30 10:20:42 host1 kernel[1014]: ERROR Accepted publickey for deploy from 10.0.0.15
Sep 30 10:20:45 host1 sshd[1015]: DEBUG Started session 16 of user app
Sep 30 10:20:48 host1 systemd[1016]: INFO Connection reset by peer
Sep 30 10:20:51 host1 nginx[1017]: WARN Reloading configuration
Sep 30 10:20:54 host1 cron[1018]: ERROR Health check ok latency=19ms
Sep 30 10:20:57 host1 NetworkManager[1019]: DEBUG Disk usage on /var at 20%
Sep 30 10:21:00 host1 kernel[1020]: INFO Accepted publickey for deploy from 10.0.0.21
Sep 30 10:21:03 host1 sshd[1021]: WARN Started session 22 of user app
Sep 30 10:21:06 host1 systemd[1022]: ERROR Connection reset by peer
Sep 30 10:21:09 host1 nginx[1023]: DEBUG Reloading configuration
Sep 30 10:21:12 host1 cron[1024]: INFO Health check ok latency=25ms
Sep 30 10:21:15 host1 NetworkManager[1025]: WARN Disk usage on /var at 26%
Sep 30 10:21:18 host1 kernel[1026]: ERROR Accepted publickey for deploy from 10.0.0.27
Sep 30 10:21:21 host1 sshd[1027]: DEBUG Started session 28 of user app
Sep 30 10:21:24 host1 systemd[1028]: INFO Connection reset by peer
Sep 30 10:21:27 host1 nginx[1029]: WARN Reloading configuration
Sep 30 10:21:30 host1 cron[1030]: ERROR Health check ok latency=31ms
Sep 30 10:21:33 host1 NetworkManager[1031]: DEBUG Disk usage on /var at 32%
Sep 30 10:21:36 host1 kernel[1032]: INFO Accepted publickey for deploy from 10.0.0.33
Sep 30 10:21:39 host1 sshd[1033]: WARN Started session 34 of user app
Sep 30 10:21:42 host1 systemd[1034]: ERROR Connection reset by peer
Sep 30 10:21:45 host1 nginx[1035]: DEBUG Reloading configuration
Sep 30 10:21:48 host1 cron[1036]: INFO Health check ok latency=37ms
Sep 30 10:21:51 host1 NetworkManager[1037]: WARN Disk usage on /var at 38%
Sep 30 10:21:54 host1 kernel[1038]: ERROR Accepted publickey for deploy from 10.0.0.39
Sep 30 10:21:57 host1 sshd[1039]: DEBUG Started session 40 of user app
Sep 30 10:22:00 host1 systemd[1040]: INFO Connection reset by peer
Sep 30 10:22:03 host1 nginx[1041]: WARN Reloading configuration
Sep 30 10:22:06 host1 cron[1042]: ERROR Health check ok latency=43ms
Sep 30 10:22:09 host1 NetworkManager[1043]: DEBUG Disk usage on /var at 44%
Sep 30 10:22:12 host1 kernel[1044]: INFO Accepted publickey for deploy from 10.0.0.45
Sep 30 10:22:15 host1 sshd[1045]: WARN Started session 46 of user app
Sep 30 10:22:18 host1 systemd[1046]: ERROR Connection reset by peer
Sep 30 10:22:21 host1 nginx[1047]: DEBUG Reloading configuration
Sep 30 10:22:24 host1 cron[1048]: INFO Health check ok latency=49ms
Sep 30 10:22:27 host1 NetworkManager[1049]: WARN Disk usage on /var at 50%
Sep 30 10:22:30 host1 kernel[1000]: ERROR Accepted publickey for deploy from 10.0.0.51
Sep 30 10:22:33 host1 sshd[1001]: DEBUG Started session 52 of user app
Sep 30 10:22:36 host1 systemd[1002]: INFO Connection reset by peer
Sep 30 10:22:39 host1 nginx[1003]: WARN Reloading configuration
Sep 30 10:22:42 host1 cron[1004]: ERROR Health check ok latency=55ms
Sep 30 10:22:45 host1 NetworkManager[1005]: DEBUG Disk usage on /var at 56%
Sep 30 10:22:48 host1 kernel[1006]: INFO Accepted publickey for deploy from 10.0.0.57
Sep 30 10:22:51 host1 sshd[1007]: WARN Started session 58 of user app
Sep 30 10:22:54 host1 systemd[1008]: ERROR Connection reset by peer
Sep 30 10:22:57 host1 nginx[1009]: DEBUG Reloading configuration
Sep 30 10:23:00 host1 cron[1010]: INFO Health check ok latency=61ms
Sep 30 10:23:03 host1 NetworkManager[1011]: WARN Disk usage on /var at 62%
Sep 30 10:23:06 host1 kernel[1012]: ERROR Accepted publickey for deploy from 10.0.0.63
Sep 30 10:23:09 host1 sshd[1013]: DEBUG Started session 64 of user app
Sep 30 10:23:12 host1 systemd[1014]: INFO Connection reset by peer
Sep 30 10:23:15 host1 nginx[1015]: WARN Reloading configuration
Sep 30 10:23:18 host1 cron[1016]: ERROR Health check ok latency=67ms
Sep 30 10:23:21 host1 NetworkManager[1017]: DEBUG Disk usage on /var at 68%
Sep 30 10:23:24 host1 kernel[1018]: INFO Accepted publickey for deploy from 10.0.0.69
Sep 30 10:23:27 host1 sshd[1019]: WARN Started session 70 of user app
Sep 30 10:23:30 host1 systemd[1020]: ERROR Connection reset by peer
Sep 30 10:23:33 host1 nginx[1021]: DEBUG Reloading configuration
Sep 30 10:23:36 host1 cron[1022]: INFO Health check ok latency=73ms
Sep 30 10:23:39 host1 NetworkManager[1023]: WARN Disk usage on /var at 74%
Sep 30 10:23:42 host1 kernel[1024]: ERROR Accepted publickey for deploy from 10.0.0.75
Sep 30 10:23:45 host1 sshd[1025]: DEBUG Started session 76 of user app
Sep 30 10:23:48 host1 systemd[1026]: INFO Connection reset by peer
Sep 30 10:23:51 host1 nginx[1027]: WARN Reloading configuration
Sep 30 10:23:54 host1 cron[1028]: ERROR Health check ok latency=79ms
Sep 30 10:23:57 host1 NetworkManager[1029]: DEBUG Disk usage on /var at 80%
Sep 30 10:24:00 host1 kernel[1030]: INFO Accepted publickey for deploy from 10.0.0.81
Sep 30 10:24:03 host1 sshd[1031]: WARN Started session 82 of user app
Sep 30 10:24:06 host1 systemd[1032]: ERROR Connection reset by peer
Sep 30 10:24:09 host1 nginx[1033]: DEBUG Reloading configuration
Sep 30 10:24:12 host1 cron[1034]: INFO Health check ok latency=85ms
Sep 30 10:24:15 host1 NetworkManager[1035]: WARN Disk usage on /var at 86%
Sep 30 10:24:18 host1 kernel[1036]: ERROR Accepted publickey for deploy from 10.0.0.87
Sep 30 10:24:21 host1 sshd[1037]: DEBUG Started session 88 of user app
Sep 30 10:24:24 host1 systemd[1038]: INFO Connection reset by peer
Sep 30 10:24:27 host1 nginx[1039]: WARN Reloading configuration
Sep 30 10:24:30 host1 cron[1040]: ERROR Health check ok latency=91ms
Sep 30 10:24:33 host1 NetworkManager[1041]: DEBUG Disk usage on /var at 92%
Sep 30 10:24:36 host1 kernel[1042]: INFO Accepted publickey for deploy from 10.0.0.93
Sep 30 10:24:39 host1 sshd[1043]: WARN Started session 94 of user app
Sep 30 10:24:42 host1 systemd[1044]: ERROR Connection reset by peer
Sep 30 10:24:45 host1 nginx[1045]: DEBUG Reloading configuration
Sep 30 10:24:48 host1 cron[1046]: INFO Health check ok latency=97ms
Sep 30 10:24:51 host1 NetworkManager[1047]: WARN Disk usage on /var at 98%
Sep 30 10:24:54 host1 kernel[1048]: ERROR Accepted publickey for deploy from 10.0.0.99
Sep 30 10:24:57 host1 sshd[1049]: DEBUG Started session 100 of user app
Sep 30 10:25:00 host1 systemd[1000]: INFO Connection reset by peer
Sep 30 10:25:03 host1 nginx[1001]: WARN Reloading configuration
Sep 30 10:25:06 host1 cron[1002]: ERROR Health check ok latency=103ms
Sep 30 10:25:09 host1 NetworkManager[1003]: DEBUG Disk usage on /var at 104%
Sep 30 10:25:12 host1 kernel[1004]: INFO Accepted publickey for deploy from 10.0.0.105
Sep 30 10:25:15 host1 sshd[1005]: WARN Started session 106 of user app
Sep 30 10:25:18 host1 systemd[1006]: ERROR Connection reset by peer
Sep 30 10:25:21 host1 nginx[1007]: DEBUG Reloading configuration
Sep 30 10:25:24 host1 cron[1008]: INFO Health check ok latency=109ms
Sep 30 10:25:27 host1 NetworkManager[1009]: WARN Disk usage on /var at 110%
Sep 30 10:25:30 host1 kernel[1010]: ERROR Accepted publickey for deploy from 10.0.0.111
Sep 30 10:25:33 host1 sshd[1011]: DEBUG Started session 112 of user app
Sep 30 10:25:36 host1 systemd[1012]: INFO Connection reset by peer
Sep 30 10:25:39 host1 nginx[1013]: WARN Reloading configuration
Sep 30 10:25:42 host1 cron[1014]: ERROR Health check ok latency=115ms
Sep 30 10:25:45 host1 NetworkManager[1015]: DEBUG Disk usage on /var at 116%
Sep 30 10:25:48 host1 kernel[1016]: INFO Accepted publickey for deploy from 10.0.0.117
Sep 30 10:25:51 host1 sshd[1017]: WARN Started session 118 of user app
Sep 30 10:25:54 host1 systemd[1018]: ERROR Connection reset by peer
Sep 30 10:25:57 host1 nginx[1019]: DEBUG Reloading configuration
Sep 30 10:26:00 host1 cron[1020]: INFO Health check ok latency=121ms
Sep 30 10:26:03 host1 NetworkManager[1021]: WARN Disk usage on /var at 122%
Sep 30 10:26:06 host1 kernel[1022]: ERROR Accepted publickey for deploy from 10.0.0.123
Sep 30 10:26:09 host1 sshd[1023]: DEBUG Started session 124 of user app
Sep 30 10:26:12 host1 systemd[1024]: INFO Connection reset by peer
Sep 30 10:26:15 host1 nginx[1025]: WARN Reloading configuration
Sep 30 10:26:18 host1 cron[1026]: ERROR Health check ok latency=127ms
Sep 30 10:26:21 host1 NetworkManager[1027]: DEBUG Disk usage on /var at 128%
Sep 30 10:26:24 host1 kernel[1028]: INFO Accepted publickey for deploy from 10.0.0.129
Sep 30 10:26:27 host1 sshd[1029]: WARN Started session 130 of user app
Sep 30 10:26:30 host1 systemd[1030]: ERROR Connection reset by peer
Sep 30 10:26:33 host1 nginx[1031]: DEBUG Reloading configuration
Sep 30 10:26:36 host1 cron[1032]: INFO Health check ok latency=133ms
Sep 30 10:26:39 host1 NetworkManager[1033]: WARN Disk usage on /var at 134%
Sep 30 10:26:42 host1 kernel[1034]: ERROR Accepted publickey for deploy from 10.0.0.135
Sep 30 10:26:45 host1 sshd[1035]: DEBUG Started session 136 of user app
Sep 30 10:26:48 host1 systemd[1036]: INFO Connection reset by peer
Sep 30 10:26:51 host1 nginx[1037]: WARN Reloading configuration
Sep 30 10:26:54 host1 cron[1038]: ERROR Health check ok latency=139ms
Sep 30 10:26:57 host1 NetworkManager[1039]: DEBUG Disk usage on /var at 140%
Sep 30 10:27:00 host1 kernel[1040]: INFO Accepted publickey for deploy from 10.0.0.141
Sep 30 10:27:03 host1 sshd[1041]: WARN Started session 142 of user app
Sep 30 10:27:06 host1 systemd[1042]: ERROR Connection reset by peer
Sep 30 10:27:09 host1 nginx[1043]: DEBUG Reloading configuration
Sep 30 10:27:12 host1 cron[1044]: INFO Health check ok latency=145ms
Sep 30 10:27:15 host1 NetworkManager[1045]: WARN Disk usage on /var at 146%
Sep 30 10:27:18 host1 kernel[1046]: ERROR Accepted publickey for deploy from 10.0.0.147
Sep 30 10:27:21 host1 sshd[1047]: DEBUG Started session 148 of user app
Sep 30 10:27:24 host1 systemd[1048]: INFO Connection reset by peer
Sep 30 10:27:27 host1 nginx[1049]: WARN Reloading configuration
Sep 30 10:27:30 host1 cron[1000]: ERROR Health check ok latency=151ms
Sep 30 10:27:33 host1 NetworkManager[1001]: DEBUG Disk usage on /var at 152%
Sep 30 10:27:36 host1 kernel[1002]: INFO Accepted publickey for deploy from 10.0.0.153
Sep 30 10:27:39 host1 sshd[1003]: WARN Started session 154 of user app
Sep 30 10:27:42 host1 systemd[1004]: ERROR Connection reset by peer
Sep 30 10:27:45 host1 nginx[1005]: DEBUG Reloading configuration
Sep 30 10:27:48 host1 cron[1006]: INFO Health check ok latency=157ms
Sep 30 10:27:51 host1 NetworkManager[1007]: WARN Disk usage on /var at 158%
Sep 30 10:27:54 host1 kernel[1008]: ERROR Accepted publickey for deploy from 10.0.0.159
Sep 30 10:27:57 host1 sshd[1009]: DEBUG Started session 160 of user app
Sep 30 10:28:00 host1 systemd[1010]: INFO Connection reset by peer
Sep 30 10:28:03 host1 nginx[1011]: WARN Reloading configuration
Sep 30 10:28:06 host1 cron[1012]: ERROR Health check ok latency=163ms
Sep 30 10:28:09 host1 NetworkManager[1013]: DEBUG Disk usage on /var at 164%
Sep 30 10:28:12 host1 kernel[1014]: INFO Accepted publickey for deploy from 10.0.0.165
Sep 30 10:28:15 host1 sshd[1015]: WARN Started session 166 of user app
Sep 30 10:28:18 host1 systemd[1016]: ERROR Connection reset by peer
Sep 30 10:28:21 host1 nginx[1017]: DEBUG Reloading configuration
Sep 30 10:28:24 host1 cron[1018]: INFO Health check ok latency=169ms
Sep 30 10:28:27 host1 NetworkManager[1019]: WARN Disk usage on /var at 170%
Sep 30 10:28:30 host1 kernel[1020]: ERROR Accepted publickey for deploy from 10.0.0.171
Sep 30 10:28:33 host1 sshd[1021]: DEBUG Started session 172 of user app
Sep 30 10:28:36 host1 systemd[1022]: INFO Connection reset by peer
Sep 30 10:28:39 host1 nginx[1023]: WARN Reloading configuration
Sep 30 10:28:42 host1 cron[1024]: ERROR Health check ok latency=175ms
Sep 30 10:28:45 host1 NetworkManager[1025]: DEBUG Disk usage on /var at 176%
Sep 30 10:28:48 host1 kernel[1026]: INFO Accepted publickey for deploy from 10.0.0.177
Sep 30 10:28:51 host1 sshd[1027]: WARN Started session 178 of user app
Sep 30 10:28:54 host1 systemd[1028]: ERROR Connection reset by peer
Sep 30 10:28:57 host1 nginx[1029]: DEBUG Reloading configuration
Sep 30 10:29:00 host1 cron[1030]: INFO Health check ok latency=181ms
Sep 30 10:29:03 host1 NetworkManager[1031]: WARN Disk usage on /var at 182%
Sep 30 10:29:06 host1 kernel[1032]: ERROR Accepted publickey for deploy from 10.0.0.183
Sep 30 10:29:09 host1 sshd[1033]: DEBUG Started session 184 of user app
Sep 30 10:29:12 host1 systemd[1034]: INFO Connection reset by peer
Sep 30 10:29:15 host1 nginx[1035]: WARN Reloading configuration
Sep 30 10:29:18 host1 cron[1036]: ERROR Health check ok latency=187ms
Sep 30 10:29:21 host1 NetworkManager[1037]: DEBUG Disk usage on /var at 188%
Sep 30 10:29:24 host1 kernel[1038]: INFO Accepted publickey for deploy from 10.0.0.189
Sep 30 10:29:27 host1 sshd[1039]: WARN Started session 190 of user app
Sep 30 10:29:30 host1 systemd[1040]: ERROR Connection reset by peer
Sep 30 10:29:33 host1 nginx[1041]: DEBUG Reloading configuration
Sep 30 10:29:36 host1 cron[1042]: INFO Health check ok latency=193ms
Sep 30 10:29:39 host1 NetworkManager[1043]: WARN Disk usage on /var at 194%
Sep 30 10:29:42 host1 kernel[1044]: ERROR Accepted publickey for deploy from 10.0.0.195
Sep 30 10:29:45 host1 sshd[1045]: DEBUG Started session 196 of user app
Sep 30 10:29:48 host1 systemd[1046]: INFO Connection reset by peer
Sep 30 10:29:51 host1 nginx[1047]: WARN Reloading configuration
Sep 30 10:29:54 host1 cron[1048]: ERROR Health check ok latency=199ms
Sep 30 10:29:57 host1 NetworkManager[1049]: DEBUG Disk usage on /var at 200%
Sep 30 10:30:00 host1 kernel[1000]: INFO Accepted publickey for deploy from 10.0.0.1
Sep 30 10:30:03 host1 sshd[1001]: WARN Started session 2 of user app
Sep 30 10:30:06 host1 systemd[1002]: ERROR Connection reset by peer
Sep 30 10:30:09 host1 nginx[1003]: DEBUG Reloading configuration
Sep 30 10:30:12 host1 cron[1004]: INFO Health check ok latency=5ms
Sep 30 10:30:15 host1 NetworkManager[1005]: WARN Disk usage on /var at 6%
Sep 30 10:30:18 host1 kernel[1006]: ERROR Accepted publickey for deploy from 10.0.0.7
Sep 30 10:30:21 host1 sshd[1007]: DEBUG Started session 8 of user app
Sep 30 10:30:24 host1 systemd[1008]: INFO Connection reset by peer
Sep 30 10:30:27 host1 nginx[1009]: WARN Reloading configuration
Sep 30 10:30:30 host1 cron[1010]: ERROR Health check ok latency=11ms
Sep 30 10:30:33 host1 NetworkManager[1011]: DEBUG Disk usage on /var at 12%
Sep 30 10:30:36 host1 kernel[1012]: INFO Accepted publickey for deploy from 10.0.0.13
Sep 30 10:30:39 host1 sshd[1013]: WARN Started session 14 of user app
Sep 30 10:30:42 host1 systemd[1014]: ERROR Connection reset by peer
Sep 30 10:30:45 host1 nginx[1015]: DEBUG Reloading configuration
Sep 30 10:30:48 host1 cron[1016]: INFO Health check ok latency=17ms
Sep 30 10:30:51 host1 NetworkManager[1017]: WARN Disk usage on /var at 18%
Sep 30 10:30:54 host1 kernel[1018]: ERROR Accepted publickey for deploy from 10.0.0.19
Sep 30 10:30:57 host1 sshd[1019]: DEBUG Started session 20 of user app
Sep 30 10:31:00 host1 systemd[1020]: INFO Connection reset by peer
Sep 30 10:31:03 host1 nginx[1021]: WARN Reloading configuration
Sep 30 10:31:06 host1 cron[1022]: ERROR Health check ok latency=23ms
Sep 30 10:31:09 host1 NetworkManager[1023]: DEBUG Disk usage on /var at 24%
Sep 30 10:31:12 host1 kernel[1024]: INFO Accepted publickey for deploy from 10.0.0.25
Sep 30 10:31:15 host1 sshd[1025]: WARN Started session 26 of user app
Sep 30 10:31:18 host1 systemd[1026]: ERROR Connection reset by peer
Sep 30 10:31:21 host1 nginx[1027]: DEBUG Reloading configuration
Sep 30 10:31:24 host1 cron[1028]: INFO Health check ok latency=29ms
Sep 30 10:31:27 host1 NetworkManager[1029]: WARN Disk usage on /var at 30%
Sep 30 10:31:30 host1 kernel[1030]: ERROR Accepted publickey for deploy from 10.0.0.31
Sep 30 10:31:33 host1 sshd[1031]: DEBUG Started session 32 of user app
Sep 30 10:31:36 host1 systemd[1032]: INFO Connection reset by peer
Sep 30 10:31:39 host1 nginx[1033]: WARN Reloading configuration
Sep 30 10:31:42 host1 cron[1034]: ERROR Health check ok latency=35ms
Sep 30 10:31:45 host1 NetworkManager[1035]: DEBUG Disk usage on /var at 36%
Sep 30 10:31:48 host1 kernel[1036]: INFO Accepted publickey for deploy from 10.0.0.37
Sep 30 10:31:51 host1 sshd[1037]: WARN Started session 38 of user app
Sep 30 10:31:54 host1 systemd[1038]: ERROR Connection reset by peer
Sep 30 10:31:57 host1 nginx[1039]: DEBUG Reloading configuration
Sep 30 10:32:00 host1 cron[1040]: INFO Health check ok latency=41ms
Sep 30 10:32:03 host1 NetworkManager[1041]: WARN Disk usage on /var at 42%
Sep 30 10:32:06 host1 kernel[1042]: ERROR Accepted publickey for deploy from 10.0.0.43
Sep 30 10:32:09 host1 sshd[1043]: DEBUG Started session 44 of user app
Sep 30 10:32:12 host1 systemd[1044]: INFO Connection reset by peer
Sep 30 10:32:15 host1 nginx[1045]: WARN Reloading configuration
Sep 30 10:32:18 host1 cron[1046]: ERROR Health check ok latency=47ms
Sep 30 10:32:21 host1 NetworkManager[1047]: DEBUG Disk usage on /var at 48%
Sep 30 10:32:24 host1 kernel[1048]: INFO Accepted publickey for deploy from 10.0.0.49
Sep 30 10:32:27 host1 sshd[1049]: WARN Started session 50 of user app
Sep 30 10:32:30 host1 systemd[1000]: ERROR Connection reset by peer
Sep 30 10:32:33 host1 nginx[1001]: DEBUG Reloading configuration
Sep 30 10:32:36 host1 cron[1002]: INFO Health check ok latency=53ms
Sep 30 10:32:39 host1 NetworkManager[1003]: WARN Disk usage on /var at 54%
Sep 30 10:32:42 host1 kernel[1004]: ERROR Accepted publickey for deploy from 10.0.0.55
Sep 30 10:32:45 host1 sshd[1005]: DEBUG Started session 56 of user app
Sep 30 10:32:48 host1 systemd[1006]: INFO Connection reset by peer
Sep 30 10:32:51 host1 nginx[1007]: WARN Reloading configuration
Sep 30 10:32:54 host1 cron[1008]: ERROR Health check ok latency=59ms
Sep 30 10:32:57 host1 NetworkManager[1009]: DEBUG Disk usage on /var at 60%
Sep 30 10:33:00 host1 kernel[1010]: INFO Accepted publickey for deploy from 10.0.0.61
Sep 30 10:33:03 host1 sshd[1011]: WARN Started session 62 of user app
Sep 30 10:33:06 host1 systemd[1012]: ERROR Connection reset by peer
Sep 30 10:33:09 host1 nginx[1013]: DEBUG Reloading configuration
Sep 30 10:33:12 host1 cron[1014]: INFO Health check ok latency=65ms
Sep 30 10:33:15 host1 NetworkManager[1015]: WARN Disk usage on /var at 66%
Sep 30 10:33:18 host1 kernel[1016]: ERROR Accepted publickey for deploy from 10.0.0.67
Sep 30 10:33:21 host1 sshd[1017]: DEBUG Started session 68 of user app
Sep 30 10:33:24 host1 systemd[1018]: INFO Connection reset by peer
Sep 30 10:33:27 host1 nginx[1019]: WARN Reloading configuration
Sep 30 10:33:30 host1 cron[1020]: ERROR Health check ok latency=71ms
Sep 30 10:33:33 host1 NetworkManager[1021]: DEBUG Disk usage on /var at 72%
Sep 30 10:33:36 host1 kernel[1022]: INFO Accepted publickey for deploy from 10.0.0.73
Sep 30 10:33:39 host1 sshd[1023]: WARN Started session 74 of user app
Sep 30 10:33:42 host1 systemd[1024]: ERROR Connection reset by peer
Sep 30 10:33:45 host1 nginx[1025]: DEBUG Reloading configuration
Sep 30 10:33:48 host1 cron[1026]: INFO Health check ok latency=77ms
Sep 30 10:33:51 host1 NetworkManager[1027]: WARN Disk usage on /var at 78%
Sep 30 10:33:54 host1 kernel[1028]: ERROR Accepted publickey for deploy from 10.0.0.79
Sep 30 10:33:57 host1 sshd[1029]: DEBUG Started session 80 of user app
Sep 30 10:34:00 host1 systemd[1030]: INFO Connection reset by peer
Sep 30 10:34:03 host1 nginx[1031]: WARN Reloading configuration
Sep 30 10:34:06 host1 cron[1032]: ERROR Health check ok latency=83ms
Sep 30 10:34:09 host1 NetworkManager[1033]: DEBUG Disk usage on /var at 84%
Sep 30 10:34:12 host1 kernel[1034]: INFO Accepted publickey for deploy from 10.0.0.85
Sep 30 10:34:15 host1 sshd[1035]: WARN Started session 86 of user app
Sep 30 10:34:18 host1 systemd[1036]: ERROR Connection reset by peer
Sep 30 10:34:21 host1 nginx[1037]: DEBUG Reloading configuration
Sep 30 10:34:24 host1 cron[1038]: INFO Health check ok latency=89ms
Sep 30 10:34:27 host1 NetworkManager[1039]: WARN Disk usage on /var at 90%
Sep 30 10:34:30 host1 kernel[1040]: ERROR Accepted publickey for deploy from 10.0.0.91
Sep 30 10:34:33 host1 sshd[1041]: DEBUG Started session 92 of user app
Sep 30 10:34:36 host1 systemd[1042]: INFO Connection reset by peer
Sep 30 10:34:39 host1 nginx[1043]: WARN Reloading configuration
Sep 30 10:34:42 host1 cron[1044]: ERROR Health check ok latency=95ms
Sep 30 10:34:45 host1 NetworkManager[1045]: DEBUG Disk usage on /var at 96%
Sep 30 10:34:48 host1 kernel[1046]: INFO Accepted publickey for deploy from 10.0.0.97
Sep 30 10:34:51 host1 sshd[1047]: WARN Started session 98 of user app
Sep 30 10:34:54 host1 systemd[1048]: ERROR Connection reset by peer
Sep 30 10:34:57 host1 nginx[1049]: DEBUG Reloading configuration
Sep 30 10:35:00 host1 cron[1000]: INFO Health check ok latency=101ms
Sep 30 10:35:03 host1 NetworkManager[1001]: WARN Disk usage on /var at 102%
Sep 30 10:35:06 host1 kernel[1002]: ERROR Accepted publickey for deploy from 10.0.0.103
Sep 30 10:35:09 host1 sshd[1003]: DEBUG Started session 104 of user app
Sep 30 10:35:12 host1 systemd[1004]: INFO Connection reset by peer
Sep 30 10:35:15 host1 nginx[1005]: WARN Reloading configuration
Sep 30 10:35:18 host1 cron[1006]: ERROR Health check ok latency=107ms
Sep 30 10:35:21 host1 NetworkManager[1007]: DEBUG Disk usage on /var at 108%
Sep 30 10:35:24 host1 kernel[1008]: INFO Accepted publickey for deploy from 10.0.0.109
Sep 30 10:35:27 host1 sshd[1009]: WARN Started session 110 of user app
Sep 30 10:35:30 host1 systemd[1010]: ERROR Connection reset by peer
Sep 30 10:35:33 host1 nginx[1011]: DEBUG Reloading configuration
Sep 30 10:35:36 host1 cron[1012]: INFO Health check ok latency=113ms
Sep 30 10:35:39 host1 NetworkManager[1013]: WARN Disk usage on /var at 114%
Sep 30 10:35:42 host1 kernel[1014]: ERROR Accepted publickey for deploy from 10.0.0.115
Sep 30 10:35:45 host1 sshd[1015]: DEBUG Started session 116 of user app
Sep 30 10:35:48 host1 systemd[1016]: INFO Connection reset by peer
Sep 30 10:35:51 host1 nginx[1017]: WARN Reloading configuration
Sep 30 10:35:54 host1 cron[1018]: ERROR Health check ok latency=119ms
Sep 30 10:35:57 host1 NetworkManager[1019]: DEBUG Disk usage on /var at 120%
Sep 30 10:36:00 host1 kernel[1020]: INFO Accepted publickey for deploy from 10.0.0.121
Sep 30 10:36:03 host1 sshd[1021]: WARN Started session 122 of user app
Sep 30 10:36:06 host1 systemd[1022]: ERROR Connection reset by peer
Sep 30 10:36:09 host1 nginx[1023]: DEBUG Reloading configuration
Sep 30 10:36:12 host1 cron[1024]: INFO Health check ok latency=125ms
Sep 30 10:36:15 host1 NetworkManager[1025]: WARN Disk usage on /var at 126%
Sep 30 10:36:18 host1 kernel[1026]: ERROR Accepted publickey for deploy from 10.0.0.127
Sep 30 10:36:21 host1 sshd[1027]: DEBUG Started session 128 of user app
Sep 30 10:36:24 host1 systemd[1028]: INFO Connection reset by peer
Sep 30 10:36:27 host1 nginx[1029]: WARN Reloading configuration
Sep 30 10:36:30 host1 cron[1030]: ERROR Health check ok latency=131ms
Sep 30 10:36:33 host1 NetworkManager[1031]: DEBUG Disk usage on /var at 132%
Sep 30 10:36:36 host1 kernel[1032]: INFO Accepted publickey for deploy from 10.0.0.133
Sep 30 10:36:39 host1 sshd[1033]: WARN Started session 134 of user app
Sep 30 10:36:42 host1 systemd[1034]: ERROR Connection reset by peer
Sep 30 10:36:45 host1 nginx[1035]: DEBUG Reloading configuration
Sep 30 10:36:48 host1 cron[1036]: INFO Health check ok latency=137ms
Sep 30 10:36:51 host1 NetworkManager[1037]: WARN Disk usage on /var at 138%
Sep 30 10:36:54 host1 kernel[1038]: ERROR Accepted publickey for deploy from 10.0.0.139
Sep 30 10:36:57 host1 sshd[1039]: DEBUG Started session 140 of user app
Sep 30 10:37:00 host1 systemd[1040]: INFO Connection reset by peer
Sep 30 10:37:03 host1 nginx[1041]: WARN Reloading configuration
Sep 30 10:37:06 host1 cron[1042]: ERROR Health check ok latency=143ms
Sep 30 10:37:09 host1 NetworkManager[1043]: DEBUG Disk usage on /var at 144%
Sep 30 10:37:12 host1 kernel[1044]: INFO Accepted publickey for deploy from 10.0.0.145
Sep 30 10:37:15 host1 sshd[1045]: WARN Started session 146 of user app
Sep 30 10:37:18 host1 systemd[1046]: ERROR Connection reset by peer
Sep 30 10:37:21 host1 nginx[1047]: DEBUG Reloading configuration
Sep 30 10:37:24 host1 cron[1048]: INFO Health check ok latency=149ms
Sep 30 10:37:27 host1 NetworkManager[1049]: WARN Disk usage on /var at 150%
Sep 30 10:37:30 host1 kernel[1000]: ERROR Accepted publickey for deploy from 10.0.0.151
Sep 30 10:37:33 host1 sshd[1001]: DEBUG Started session 152 of user app
Sep 30 10:37:36 host1 systemd[1002]: INFO Connection reset by peer
Sep 30 10:37:39 host1 nginx[1003]: WARN Reloading configuration
Sep 30 10:37:42 host1 cron[1004]: ERROR Health check ok latency=155ms
Sep 30 10:37:45 host1 NetworkManager[1005]: DEBUG Disk usage on /var at 156%
Sep 30 10:37:48 host1 kernel[1006]: INFO Accepted publickey for deploy from 10.0.0.157
Sep 30 10:37:51 host1 sshd[1007]: WARN Started session 158 of user app
Sep 30 10:37:54 host1 systemd[1008]: ERROR Connection reset by peer
Sep 30 10:37:57 host1 nginx[1009]: DEBUG Reloading configuration
Sep 30 10:38:00 host1 cron[1010]: INFO Health check ok latency=161ms
Sep 30 10:38:03 host1 NetworkManager[1011]: WARN Disk usage on /var at 162%
Sep 30 10:38:06 host1 kernel[1012]: ERROR Accepted publickey for deploy from 10.0.0.163
Sep 30 10:38:09 host1 sshd[1013]: DEBUG Started session 164 of user app
Sep 30 10:38:12 host1 systemd[1014]: INFO Connection reset by peer
Sep 30 10:38:15 host1 nginx[1015]: WARN Reloading configuration
Sep 30 10:38:18 host1 cron[1016]: ERROR Health check ok latency=167ms
Sep 30 10:38:21 host1 NetworkManager[1017]: DEBUG Disk usage on /var at 168%
Sep 30 10:38:24 host1 kernel[1018]: INFO Accepted publickey for deploy from 10.0.0.169
Sep 30 10:38:27 host1 sshd[1019]: WARN Started session 170 of user app
Sep 30 10:38:30 host1 systemd[1020]: ERROR Connection reset by peer
Sep 30 10:38:33 host1 nginx[1021]: DEBUG Reloading configuration
Sep 30 10:38:36 host1 cron[1022]: INFO Health check ok latency=173ms
Sep 30 10:38:39 host1 NetworkManager[1023]: WARN Disk usage on /var at 174%
Sep 30 10:38:42 host1 kernel[1024]: ERROR Accepted publickey for deploy from 10.0.0.175
Sep 30 10:38:45 host1 sshd[1025]: DEBUG Started session 176 of user app
Sep 30 10:38:48 host1 systemd[1026]: INFO Connection reset by peer
Sep 30 10:38:51 host1 nginx[1027]: WARN Reloading configuration
Sep 30 10:38:54 host1 cron[1028]: ERROR Health check ok latency=179ms
Sep 30 10:38:57 host1 NetworkManager[1029]: DEBUG Disk usage on /var at 180%
Sep 30 10:39:00 host1 kernel[1030]: INFO Accepted publickey for deploy from 10.0.0.181
Sep 30 10:39:03 host1 sshd[1031]: WARN Started session 182 of user app
Sep 30 10:39:06 host1 systemd[1032]: ERROR Connection reset by peer
Sep 30 10:39:09 host1 nginx[1033]: DEBUG Reloading configuration
Sep 30 10:39:12 host1 cron[1034]: INFO Health check ok latency=185ms
Sep 30 10:39:15 host1 NetworkManager[1035]: WARN Disk usage on /var at 186%
Sep 30 10:39:18 host1 kernel[1036]: ERROR Accepted publickey for deploy from 10.0.0.187
Sep 30 10:39:21 host1 sshd[1037]: DEBUG Started session 188 of user app
Sep 30 10:39:24 host1 systemd[1038]: INFO Connection reset by peer
Sep 30 10:39:27 host1 nginx[1039]: WARN Reloading configuration
Sep 30 10:39:30 host1 cron[1040]: ERROR Health check ok latency=191ms
Sep 30 10:39:33 host1 NetworkManager[1041]: DEBUG Disk usage on /var at 192%
Sep 30 10:39:36 host1 kernel[1042]: INFO Accepted publickey for deploy from 10.0.0.193
Sep 30 10:39:39 host1 sshd[1043]: WARN Started session 194 of user app
Sep 30 10:39:42 host1 systemd[1044]: ERROR Connection reset by peer
Sep 30 10:39:45 host1 nginx[1045]: DEBUG Reloading configuration
Sep 30 10:39:48 host1 cron[1046]: INFO Health check ok latency=197ms
Sep 30 10:39:51 host1 NetworkManager[1047]: WARN Disk usage on /var at 198%
Sep 30 10:39:54 host1 kernel[1048]: ERROR Accepted publickey for deploy from 10.0.0.199
Sep 30 10:39:57 host1 sshd[1049]: DEBUG Started session 200 of user app
Sep 30 10:40:00 host1 systemd[1000]: INFO Connection reset by peer
Sep 30 10:40:03 host1 nginx[1001]: WARN Reloading configuration
Sep 30 10:40:06 host1 cron[1002]: ERROR Health check ok latency=3ms
Sep 30 10:40:09 host1 NetworkManager[1003]: DEBUG Disk usage on /var at 4%
Sep 30 10:40:12 host1 kernel[1004]: INFO Accepted publickey for deploy from 10.0.0.5
Sep 30 10:40:15 host1 sshd[1005]: WARN Started session 6 of user app
Sep 30 10:40:18 host1 systemd[1006]: ERROR Connection reset by peer
Sep 30 10:40:21 host1 nginx[1007]: DEBUG Reloading configuration
Sep 30 10:40:24 host1 cron[1008]: INFO Health check ok latency=9ms
Sep 30 10:40:27 host1 NetworkManager[1009]: WARN Disk usage on /var at 10%
Sep 30 10:40:30 host1 kernel[1010]: ERROR Accepted publickey for deploy from 10.0.0.11
Sep 30 10:40:33 host1 sshd[1011]: DEBUG Started session 12 of user app
Sep 30 10:40:36 host1 systemd[1012]: INFO Connection reset by peer
Sep 30 10:40:39 host1 nginx[1013]: WARN Reloading configuration
Sep 30 10:40:42 host1 cron[1014]: ERROR Health check ok latency=15ms
Sep 30 10:40:45 host1 NetworkManager[1015]: DEBUG Disk usage on /var at 16%
Sep 30 10:40:48 host1 kernel[1016]: INFO Accepted publickey for deploy from 10.0.0.17
Sep 30 10:40:51 host1 sshd[1017]: WARN Started session 18 of user app
Sep 30 10:40:54 host1 systemd[1018]: ERROR Connection reset by peer
Sep 30 10:40:57 host1 nginx[1019]: DEBUG Reloading configuration
Sep 30 10:41:00 host1 cron[1020]: INFO Health check ok latency=21ms
Sep 30 10:41:03 host1 NetworkManager[1021]: WARN Disk usage on /var at 22%
Sep 30 10:41:06 host1 kernel[1022]: ERROR Accepted publickey for deploy from 10.0.0.23
Sep 30 10:41:09 host1 sshd[1023]: DEBUG Started session 24 of user app
Sep 30 10:41:12 host1 systemd[1024]: INFO Connection reset by peer
Sep 30 10:41:15 host1 nginx[1025]: WARN Reloading configuration
Sep 30 10:41:18 host1 cron[1026]: ERROR Health check ok latency=27ms
Sep 30 10:41:21 host1 NetworkManager[1027]: DEBUG Disk usage on /var at 28%
Sep 30 10:41:24 host1 kernel[1028]: INFO Accepted publickey for deploy from 10.0.0.29
Sep 30 10:41:27 host1 sshd[1029]: WARN Started session 30 of user app
Sep 30 10:41:30 host1 systemd[1030]: ERROR Connection reset by peer
Sep 30 10:41:33 host1 nginx[1031]: DEBUG Reloading configuration
Sep 30 10:41:36 host1 cron[1032]: INFO Health check ok latency=33ms
Sep 30 10:41:39 host1 NetworkManager[1033]: WARN Disk usage on /var at 34%
Sep 30 10:41:42 host1 kernel[1034]: ERROR Accepted publickey for deploy from 10.0.0.35
Sep 30 10:41:45 host1 sshd[1035]: DEBUG Started session 36 of user app
Sep 30 10:41:48 host1 systemd[1036]: INFO Connection reset by peer
Sep 30 10:41:51 host1 nginx[1037]: WARN Reloading configuration
Sep 30 10:41:54 host1 cron[1038]: ERROR Health check ok latency=39ms
Sep 30 10:41:57 host1 NetworkManager[1039]: DEBUG Disk usage on /var at 40%
Sep 30 10:42:00 host1 kernel[1040]: INFO Accepted publickey for deploy from 10.0.0.41
Sep 30 10:42:03 host1 sshd[1041]: WARN Started session 42 of user app
Sep 30 10:42:06 host1 systemd[1042]: ERROR Connection reset by peer
Sep 30 10:42:09 host1 nginx[1043]: DEBUG Reloading configuration
Sep 30 10:42:12 host1 cron[1044]: INFO Health check ok latency=45ms
Sep 30 10:42:15 host1 NetworkManager[1045]: WARN Disk usage on /var at 46%
Sep 30 10:42:18 host1 kernel[1046]: ERROR Accepted publickey for deploy from 10.0.0.47
Sep 30 10:42:21 host1 sshd[1047]: DEBUG Started session 48 of user app
Sep 30 10:42:24 host1 systemd[1048]: INFO Connection reset by peer
Sep 30 10:42:27 host1 nginx[1049]: WARN Reloading configuration
Sep 30 10:42:30 host1 cron[1000]: ERROR Health check ok latency=51ms
Sep 30 10:42:33 host1 NetworkManager[1001]: DEBUG Disk usage on /var at 52%
Sep 30 10:42:36 host1 kernel[1002]: INFO Accepted publickey for deploy from 10.0.0.53
Sep 30 10:42:39 host1 sshd[1003]: WARN Started session 54 of user app
Sep 30 10:42:42 host1 systemd[1004]: ERROR Connection reset by peer
Sep 30 10:42:45 host1 nginx[1005]: DEBUG Reloading configuration
Sep 30 10:42:48 host1 cron[1006]: INFO Health check ok latency=57ms
Sep 30 10:42:51 host1 NetworkManager[1007]: WARN Disk usage on /var at 58%
Sep 30 10:42:54 host1 kernel[1008]: ERROR Accepted publickey for deploy from 10.0.0.59
Sep 30 10:42:57 host1 sshd[1009]: DEBUG Started session 60 of user app
Sep 30 10:43:00 host1 systemd[1010]: INFO Connection reset by peer
Sep 30 10:43:03 host1 nginx[1011]: WARN Reloading configuration
Sep 30 10:43:06 host1 cron[1012]: ERROR Health check ok latency=63ms
Sep 30 10:43:09 host1 NetworkManager[1013]: DEBUG Disk usage on /var at 64%
Sep 30 10:43:12 host1 kernel[1014]: INFO Accepted publickey for deploy from 10.0.0.65
Sep 30 10:43:15 host1 sshd[1015]: WARN Started session 66 of user app
Sep 30 10:43:18 host1 systemd[1016]: ERROR Connection reset by peer
Sep 30 10:43:21 host1 nginx[1017]: DEBUG Reloading configuration
Sep 30 10:43:24 host1 cron[1018]: INFO Health check ok latency=69ms
Sep 30 10:43:27 host1 NetworkManager[1019]: WARN Disk usage on /var at 70%
Sep 30 10:43:30 host1 kernel[1020]: ERROR Accepted publickey for deploy from 10.0.0.71
Sep 30 10:43:33 host1 sshd[1021]: DEBUG Started session 72 of user app
Sep 30 10:43:36 host1 systemd[1022]: INFO Connection reset by peer
Sep 30 10:43:39 host1 nginx[1023]: WARN Reloading configuration
Sep 30 10:43:42 host1 cron[1024]: ERROR Health check ok latency=75ms
Sep 30 10:43:45 host1 NetworkManager[1025]: DEBUG Disk usage on /var at 76%
Sep 30 10:43:48 host1 kernel[1026]: INFO Accepted publickey for deploy from 10.0.0.77
Sep 30 10:43:51 host1 sshd[1027]: WARN Started session 78 of user app
Sep 30 10:43:54 host1 systemd[1028]: ERROR Connection reset by peer
Sep 30 10:43:57 host1 nginx[1029]: DEBUG Reloading configuration
Sep 30 10:44:00 host1 cron[1030]: INFO Health check ok latency=81ms
Sep 30 10:44:03 host1 NetworkManager[1031]: WARN Disk usage on /var at 82%
Sep 30 10:44:06 host1 kernel[1032]: ERROR Accepted publickey for deploy from 10.0.0.83
Sep 30 10:44:09 host1 sshd[1033]: DEBUG Started session 84 of user app
Sep 30 10:44:12 host1 systemd[1034]: INFO Connection reset by peer
Sep 30 10:44:15 host1 nginx[1035]: WARN Reloading configuration
Sep 30 10:44:18 host1 cron[1036]: ERROR Health check ok latency=87ms
Sep 30 10:44:21 host1 NetworkManager[1037]: DEBUG Disk usage on /var at 88%
Sep 30 10:44:24 host1 kernel[1038]: INFO Accepted publickey for deploy from 10.0.0.89
Sep 30 10:44:27 host1 sshd[1039]: WARN Started session 90 of user app
Sep 30 10:44:30 host1 systemd[1040]: ERROR Connection reset by peer
Sep 30 10:44:33 host1 nginx[1041]: DEBUG Reloading configuration
Sep 30 10:44:36 host1 cron[1042]: INFO Health check ok latency=93ms
Sep 30 10:44:39 host1 NetworkManager[1043]: WARN Disk usage on /var at 94%
Sep 30 10:44:42 host1 kernel[1044]: ERROR Accepted publickey for deploy from 10.0.0.95
Sep 30 10:44:45 host1 sshd[1045]: DEBUG Started session 96 of user app
Sep 30 10:44:48 host1 systemd[1046]: INFO Connection reset by peer
Sep 30 10:44:51 host1 nginx[1047]: WARN Reloading configuration
Sep 30 10:44:54 host1 cron[1048]: ERROR Health check ok latency=99ms
Sep 30 10:44:57 host1 NetworkManager[1049]: DEBUG Disk usage on /var at 100%
Sep 30 10:45:00 host1 kernel[1000]: INFO Accepted publickey for deploy from 10.0.0.101
Sep 30 10:45:03 host1 sshd[1001]: WARN Started session 102 of user app
Sep 30 10:45:06 host1 systemd[1002]: ERROR Connection reset by peer
Sep 30 10:45:09 host1 nginx[1003]: DEBUG Reloading configuration
Sep 30 10:45:12 host1 cron[1004]: INFO Health check ok latency=105ms
Sep 30 10:45:15 host1 NetworkManager[1005]: WARN Disk usage on /var at 106%
Sep 30 10:45:18 host1 kernel[1006]: ERROR Accepted publickey for deploy from 10.0.0.107
Sep 30 10:45:21 host1 sshd[1007]: DEBUG Started session 108 of user app
Sep 30 10:45:24 host1 systemd[1008]: INFO Connection reset by peer
Sep 30 10:45:27 host1 nginx[1009]: WARN Reloading configuration
Sep 30 10:45:30 host1 cron[1010]: ERROR Health check ok latency=111ms
Sep 30 10:45:33 host1 NetworkManager[1011]: DEBUG Disk usage on /var at 112%
Sep 30 10:45:36 host1 kernel[1012]: INFO Accepted publickey for deploy from 10.0.0.113
Sep 30 10:45:39 host1 sshd[1013]: WARN Started session 114 of user app
Sep 30 10:45:42 host1 systemd[1014]: ERROR Connection reset by peer
Sep 30 10:45:45 host1 nginx[1015]: DEBUG Reloading configuration
Sep 30 10:45:48 host1 cron[1016]: INFO Health check ok latency=117ms
Sep 30 10:45:51 host1 NetworkManager[1017]: WARN Disk usage on /var at 118%
Sep 30 10:45:54 host1 kernel[1018]: ERROR Accepted publickey for deploy from 10.0.0.119
Sep 30 10:45:57 host1 sshd[1019]: DEBUG Started session 120 of user app
Sep 30 10:46:00 host1 systemd[1020]: INFO Connection reset by peer
Sep 30 10:46:03 host1 nginx[1021]: WARN Reloading configuration
Sep 30 10:46:06 host1 cron[1022]: ERROR Health check ok latency=123ms
Sep 30 10:46:09 host1 NetworkManager[1023]: DEBUG Disk usage on /var at 124%
Sep 30 10:46:12 host1 kernel[1024]: INFO Accepted publickey for deploy from 10.0.0.125
Sep 30 10:46:15 host1 sshd[1025]: WARN Started session 126 of user app
Sep 30 10:46:18 host1 systemd[1026]: ERROR Connection reset by peer
Sep 30 10:46:21 host1 nginx[1027]: DEBUG Reloading configuration
Sep 30 10:46:24 host1 cron[1028]: INFO Health check ok latency=129ms
Sep 30 10:46:27 host1 NetworkManager[1029]: WARN Disk usage on /var at 130%
Sep 30 10:46:30 host1 kernel[1030]: ERROR Accepted publickey for deploy from 10.0.0.131
Sep 30 10:46:33 host1 sshd[1031]: DEBUG Started session 132 of user app
Sep 30 10:46:36 host1 systemd[1032]: INFO Connection reset by peer
Sep 30 10:46:39 host1 nginx[1033]: WARN Reloading configuration
Sep 30 10:46:42 host1 cron[1034]: ERROR Health check ok latency=135ms
Sep 30 10:46:45 host1 NetworkManager[1035]: DEBUG Disk usage on /var at 136%
Sep 30 10:46:48 host1 kernel[1036]: INFO Accepted publickey for deploy from 10.0.0.137
Sep 30 10:46:51 host1 sshd[1037]: WARN Started session 138 of user app
Sep 30 10:46:54 host1 systemd[1038]: ERROR Connection reset by peer
Sep 30 10:46:57 host1 nginx[1039]: DEBUG Reloading configuration
Sep 30 10:47:00 host1 cron[1040]: INFO Health check ok latency=141ms
Sep 30 10:47:03 host1 NetworkManager[1041]: WARN Disk usage on /var at 142%
Sep 30 10:47:06 host1 kernel[1042]: ERROR Accepted publickey for deploy from 10.0.0.143
Sep 30 10:47:09 host1 sshd[1043]: DEBUG Started session 144 of user app
Sep 30 10:47:12 host1 systemd[1044]: INFO Connection reset by peer
Sep 30 10:47:15 host1 nginx[1045]: WARN Reloading configuration
Sep 30 10:47:18 host1 cron[1046]: ERROR Health check ok latency=147ms
Sep 30 10:47:21 host1 NetworkManager[1047]: DEBUG Disk usage on /var at 148%
Sep 30 10:47:24 host1 kernel[1048]: INFO Accepted publickey for deploy from 10.0.0.149
Sep 30 10:47:27 host1 sshd[1049]: WARN Started session 150 of user app
Sep 30 10:47:30 host1 systemd[1000]: ERROR Connection reset by peer
Sep 30 10:47:33 host1 nginx[1001]: DEBUG Reloading configuration
Sep 30 10:47:36 host1 cron[1002]: INFO Health check ok latency=153ms
Sep 30 10:47:39 host1 NetworkManager[1003]: WARN Disk usage on /var at 154%
Sep 30 10:47:42 host1 kernel[1004]: ERROR Accepted publickey for deploy from 10.0.0.155
Sep 30 10:47:45 host1 sshd[1005]: DEBUG Started session 156 of user app
Sep 30 10:47:48 host1 systemd[1006]: INFO Connection reset by peer
Sep 30 10:47:51 host1 nginx[1007]: WARN Reloading configuration
Sep 30 10:47:54 host1 cron[1008]: ERROR Health check ok latency=159ms
Sep 30 10:47:57 host1 NetworkManager[1009]: DEBUG Disk usage on /var at 160%
Sep 30 10:48:00 host1 kernel[1010]: INFO Accepted publickey for deploy from 10.0.0.161
Sep 30 10:48:03 host1 sshd[1011]: WARN Started session 162 of user app
Sep 30 10:48:06 host1 systemd[1012]: ERROR Connection reset by peer
Sep 30 10:48:09 host1 nginx[1013]: DEBUG Reloading configuration
Sep 30 10:48:12 host1 cron[1014]: INFO Health check ok latency=165ms
Sep 30 10:48:15 host1 NetworkManager[1015]: WARN Disk usage on /var at 166%
Sep 30 10:48:18 host1 kernel[1016]: ERROR Accepted publickey for deploy from 10.0.0.167
Sep 30 10:48:21 host1 sshd[1017]: DEBUG Started session 168 of user app
Sep 30 10:48:24 host1 systemd[1018]: INFO Connection reset by peer
Sep 30 10:48:27 host1 nginx[1019]: WARN Reloading configuration
Sep 30 10:48:30 host1 cron[1020]: ERROR Health check ok latency=171ms
Sep 30 10:48:33 host1 NetworkManager[1021]: DEBUG Disk usage on /var at 172%
Sep 30 10:48:36 host1 kernel[1022]: INFO Accepted publickey for deploy from 10.0.0.173
Sep 30 10:48:39 host1 sshd[1023]: WARN Started session 174 of user app
Sep 30 10:48:42 host1 systemd[1024]: ERROR Connection reset by peer
Sep 30 10:48:45 host1 nginx[1025]: DEBUG Reloading configuration
Sep 30 10:48:48 host1 cron[1026]: INFO Health check ok latency=177ms
Sep 30 10:48:51 host1 NetworkManager[1027]: WARN Disk usage on /var at 178%
Sep 30 10:48:54 host1 kernel[1028]: ERROR Accepted publickey for deploy from 10.0.0.179
Sep 30 10:48:57 host1 sshd[1029]: DEBUG Started session 180 of user app
Sep 30 10:49:00 host1 systemd[1030]: INFO Connection reset by peer
Sep 30 10:49:03 host1 nginx[1031]: WARN Reloading configuration
Sep 30 10:49:06 host1 cron[1032]: ERROR Health check ok latency=183ms
Sep 30 10:49:09 host1 NetworkManager[1033]: DEBUG Disk usage on /var at 184%
Sep 30 10:49:12 host1 kernel[1034]: INFO Accepted publickey for deploy from 10.0.0.185
Sep 30 10:49:15 host1 sshd[1035]: WARN Started session 186 of user app
Sep 30 10:49:18 host1 systemd[1036]: ERROR Connection reset by peer
Sep 30 10:49:21 host1 nginx[1037]: DEBUG Reloading configuration
Sep 30 10:49:24 host1 cron[1038]: INFO Health check ok latency=189ms
Sep 30 10:49:27 host1 NetworkManager[1039]: WARN Disk usage on /var at 190%
Sep 30 10:49:30 host1 kernel[1040]: ERROR Accepted publickey for deploy from 10.0.0.191
Sep 30 10:49:33 host1 sshd[1041]: DEBUG Started session 192 of user app
Sep 30 10:49:36 host1 systemd[1042]: INFO Connection reset by peer
Sep 30 10:49:39 host1 nginx[1043]: WARN Reloading configuration
Sep 30 10:49:42 host1 cron[1044]: ERROR Health check ok latency=195ms
Sep 30 10:49:45 host1 NetworkManager[1045]: DEBUG Disk usage on /var at 196%
Sep 30 10:49:48 host1 kernel[1046]: INFO Accepted publickey for deploy from 10.0.0.197
Sep 30 10:49:51 host1 sshd[1047]: WARN Started session 198 of user app
Sep 30 10:49:54 host1 systemd[1048]: ERROR Connection reset by peer
Sep 30 10:49:57 host1 nginx[1049]: DEBUG Reloading configuration
Sep 30 10:50:00 host1 cron[1000]: INFO Health check ok latency=1ms
Sep 30 10:50:03 host1 NetworkManager[1001]: WARN Disk usage on /var at 2%
Sep 30 10:50:06 host1 kernel[1002]: ERROR Accepted publickey for deploy from 10.0.0.3
Sep 30 10:50:09 host1 sshd[1003]: DEBUG Started session 4 of user app
Sep 30 10:50:12 host1 systemd[1004]: INFO Connection reset by peer
Sep 30 10:50:15 host1 nginx[1005]: WARN Reloading configuration
Sep 30 10:50:18 host1 cron[1006]: ERROR Health check ok latency=7ms
Sep 30 10:50:21 host1 NetworkManager[1007]: DEBUG Disk usage on /var at 8%
Sep 30 10:50:24 host1 kernel[1008]: INFO Accepted publickey for deploy from 10.0.0.9
Sep 30 10:50:27 host1 sshd[1009]: WARN Started session 10 of user app
Sep 30 10:50:30 host1 systemd[1010]: ERROR Connection reset by peer
Sep 30 10:50:33 host1 nginx[1011]: DEBUG Reloading configuration
Sep 30 10:50:36 host1 cron[1012]: INFO Health check ok latency=13ms
Sep 30 10:50:39 host1 NetworkManager[1013]: WARN Disk usage on /var at 14%
Sep 30 10:50:42 host1 kernel[1014]: ERROR Accepted publickey for deploy from 10.0.0.15
Sep 30 10:50:45 host1 sshd[1015]: DEBUG Started session 16 of user app
Sep 30 10:50:48 host1 systemd[1016]: INFO Connection reset by peer
Sep 30 10:50:51 host1 nginx[1017]: WARN Reloading configuration
Sep 30 10:50:54 host1 cron[1018]: ERROR Health check ok latency=19ms
Sep 30 10:50:57 host1 NetworkManager[1019]: DEBUG Disk usage on /var at 20%
Sep 30 10:51:00 host1 kernel[1020]: INFO Accepted publickey for deploy from 10.0.0.21
Sep 30 10:51:03 host1 sshd[1021]: WARN Started session 22 of user app
Sep 30 10:51:06 host1 systemd[1022]: ERROR Connection reset by peer
Sep 30 10:51:09 host1 nginx[1023]: DEBUG Reloading configuration
Sep 30 10:51:12 host1 cron[1024]: INFO Health check ok latency=25ms
Sep 30 10:51:15 host1 NetworkManager[1025]: WARN Disk usage on /var at 26%
Sep 30 10:51:18 host1 kernel[1026]: ERROR Accepted publickey for deploy from 10.0.0.27
Sep 30 10:51:21 host1 sshd[1027]: DEBUG Started session 28 of user app
Sep 30 10:51:24 host1 systemd[1028]: INFO Connection reset by peer
Sep 30 10:51:27 host1 nginx[1029]: WARN Reloading configuration
Sep 30 10:51:30 host1 cron[1030]: ERROR Health check ok latency=31ms
Sep 30 10:51:33 host1 NetworkManager[1031]: DEBUG Disk usage on /var at 32%
Sep 30 10:51:36 host1 kernel[1032]: INFO Accepted publickey for deploy from 10.0.0.33
Sep 30 10:51:39 host1 sshd[1033]: WARN Started session 34 of user app
Sep 30 10:51:42 host1 systemd[1034]: ERROR Connection reset by peer
Sep 30 10:51:45 host1 nginx[1035]: DEBUG Reloading configuration
Sep 30 10:51:48 host1 cron[1036]: INFO Health check ok latency=37ms
Sep 30 10:51:51 host1 NetworkManager[1037]: WARN Disk usage on /var at 38%
Sep 30 10:51:54 host1 kernel[1038]: ERROR Accepted publickey for deploy from 10.0.0.39
Sep 30 10:51:57 host1 sshd[1039]: DEBUG Started session 40 of user app
Sep 30 10:52:00 host1 systemd[1040]: INFO Connection reset by peer
Sep 30 10:52:03 host1 nginx[1041]: WARN Reloading configuration
Sep 30 10:52:06 host1 cron[1042]: ERROR Health check ok latency=43ms
Sep 30 10:52:09 host1 NetworkManager[1043]: DEBUG Disk usage on /var at 44%
Sep 30 10:52:12 host1 kernel[1044]: INFO Accepted publickey for deploy from 10.0.0.45
Sep 30 10:52:15 host1 sshd[1045]: WARN Started session 46 of user app
Sep 30 10:52:18 host1 systemd[1046]: ERROR Connection reset by peer
Sep 30 10:52:21 host1 nginx[1047]: DEBUG Reloading configuration
Sep 30 10:52:24 host1 cron[1048]: INFO Health check ok latency=49ms
Sep 30 10:52:27 host1 NetworkManager[1049]: WARN Disk usage on /var at 50%
Sep 30 10:52:30 host1 kernel[1000]: ERROR Accepted publickey for deploy from 10.0.0.51
Sep 30 10:52:33 host1 sshd[1001]: DEBUG Started session 52 of user app
Sep 30 10:52:36 host1 systemd[1002]: INFO Connection reset by peer
Sep 30 10:52:39 host1 nginx[1003]: WARN Reloading configuration
Sep 30 10:52:42 host1 cron[1004]: ERROR Health check ok latency=55ms
Sep 30 10:52:45 host1 NetworkManager[1005]: DEBUG Disk usage on /var at 56%
Sep 30 10:52:48 host1 kernel[1006]: INFO Accepted publickey for deploy from 10.0.0.57
Sep 30 10:52:51 host1 sshd[1007]: WARN Started session 58 of user app
Sep 30 10:52:54 host1 systemd[1008]: ERROR Connection reset by peer
Sep 30 10:52:57 host1 nginx[1009]: DEBUG Reloading configuration
Sep 30 10:53:00 host1 cron[1010]: INFO Health check ok latency=61ms
Sep 30 10:53:03 host1 NetworkManager[1011]: WARN Disk usage on /var at 62%
Sep 30 10:53:06 host1 kernel[1012]: ERROR Accepted publickey for deploy from 10.0.0.63
Sep 30 10:53:09 host1 sshd[1013]: DEBUG Started session 64 of user app
Sep 30 10:53:12 host1 systemd[1014]: INFO Connection reset by peer
Sep 30 10:53:15 host1 nginx[1015]: WARN Reloading configuration
Sep 30 10:53:18 host1 cron[1016]: ERROR Health check ok latency=67ms
Sep 30 10:53:21 host1 NetworkManager[1017]: DEBUG Disk usage on /var at 68%
Sep 30 10:53:24 host1 kernel[1018]: INFO Accepted publickey for deploy from 10.0.0.69
Sep 30 10:53:27 host1 sshd[1019]: WARN Started session 70 of user app
Sep 30 10:53:30 host1 systemd[1020]: ERROR Connection reset by peer
Sep 30 10:53:33 host1 nginx[1021]: DEBUG Reloading configuration
Sep 30 10:53:36 host1 cron[1022]: INFO Health check ok latency=73ms
Sep 30 10:53:39 host1 NetworkManager[1023]: WARN Disk usage on /var at 74%
Sep 30 10:53:42 host1 kernel[1024]: ERROR Accepted publickey for deploy from 10.0.0.75
Sep 30 10:53:45 host1 sshd[1025]: DEBUG Started session 76 of user app
Sep 30 10:53:48 host1 systemd[1026]: INFO Connection reset by peer
Sep 30 10:53:51 host1 nginx[1027]: WARN Reloading configuration
Sep 30 10:53:54 host1 cron[1028]: ERROR Health check ok latency=79ms
Sep 30 10:53:57 host1 NetworkManager[1029]: DEBUG Disk usage on /var at 80%
Sep 30 10:54:00 host1 kernel[1030]: INFO Accepted publickey for deploy from 10.0.0.81
Sep 30 10:54:03 host1 sshd[1031]: WARN Started session 82 of user app
Sep 30 10:54:06 host1 systemd[1032]: ERROR Connection reset by peer
Sep 30 10:54:09 host1 nginx[1033]: DEBUG Reloading configuration
Sep 30 10:54:12 host1 cron[1034]: INFO Health check ok latency=85ms
Sep 30 10:54:15 host1 NetworkManager[1035]: WARN Disk usage on /var at 86%
Sep 30 10:54:18 host1 kernel[1036]: ERROR Accepted publickey for deploy from 10.0.0.87
Sep 30 10:54:21 host1 sshd[1037]: DEBUG Started session 88 of user app
Sep 30 10:54:24 host1 systemd[1038]: INFO Connection reset by peer
Sep 30 10:54:27 host1 nginx[1039]: WARN Reloading configuration
Sep 30 10:54:30 host1 cron[1040]: ERROR Health check ok latency=91ms
Sep 30 10:54:33 host1 NetworkManager[1041]: DEBUG Disk usage on /var at 92%
Sep 30 10:54:36 host1 kernel[1042]: INFO Accepted publickey for deploy from 10.0.0.93
Sep 30 10:54:39 host1 sshd[1043]: WARN Started session 94 of user app
Sep 30 10:54:42 host1 systemd[1044]: ERROR Connection reset by peer
Sep 30 10:54:45 host1 nginx[1045]: DEBUG Reloading configuration
Sep 30 10:54:48 host1 cron[1046]: INFO Health check ok latency=97ms
Sep 30 10:54:51 host1 NetworkManager[1047]: WARN Disk usage on /var at 98%
Sep 30 10:54:54 host1 kernel[1048]: ERROR Accepted publickey for deploy from 10.0.0.99
Sep 30 10:54:57 host1 sshd[1049]: DEBUG Started session 100 of user app
